Source_ID,Region,Main,Segment,Type,Dip_raw,Length_km,Width_km,Mmax,Sliprate,Status,N_vertex,Coords_lonlat
BAN01,Bali-NT-Banda-Maluku,Flores Back-arc Thrust,Bali,R,45S,153.0,30.0,7.6,7,Data Updated,5,"114.09223,-7.48792 114.38041,-7.43961 114.71663,-7.51208 115.05284,-7.63285 115.38906,-7.80193"
BAN02,Bali-NT-Banda-Maluku,Lombok Strait Strike-slip Fault,Lombok North,SS,90,157.0,20.0,7.6,0.5,No Update,7,"115.70588,-9.09453 115.71989,-8.94569 115.74630,-8.79416 115.77394,-8.61474 115.80384,-8.46250 115.86365,-8.28308 116.05667,-7.74209"
BAN03,Bali-NT-Banda-Maluku,Lombok Strait Strike-slip Fault,Lombok Central,SS,90,134.0,20.0,7.5,0.5,No Update,11,"115.66464,-9.06514 115.62575,-9.16122 115.60630,-9.21612 115.58343,-9.28589 115.57199,-9.38769 115.54111,-9.44373 115.47934,-9.51350 115.40157,-9.67249 115.39814,-9.67363 115.29863,-9.86807 115.14307,-10.12542"
BAN04,Bali-NT-Banda-Maluku,Flores Back-arc Thrust,Lombok Sumbawa,R,45S,312.0,20.0,7.9,10,No Update,8,"118.65515,-7.94686 118.03075,-7.89855 117.31029,-7.97101 116.90202,-8.16425 116.75793,-7.92271 116.46975,-8.11594 116.13353,-7.89855 116.06149,-7.92271"
BAN05,Bali-NT-Banda-Maluku,Flores Back-arc Thrust,Lombok,R,45S,101.0,30.0,6.9,10,New,5,"114.98080,-7.99517 115.19694,-7.97101 115.43709,-8.01932 115.65323,-8.11594 115.89338,-8.21256"
BAN06,Bali-NT-Banda-Maluku,Sumbawa Strait Strike-slip Fault,Sumbawa North,SS,90,79.0,30.0,7.2,0.5,No Update,6,"116.56823,-8.96862 116.59899,-8.87355 116.70524,-8.64706 116.75278,-8.52543 116.80031,-8.41499 116.84505,-8.31573"
BAN07,Bali-NT-Banda-Maluku,Sumbawa Strait Strike-slip Fault,Sumbawa Central,SS,90,105.0,20.0,7.4,0.5,No Update,5,"116.54920,-9.01693 116.44730,-9.22819 116.28575,-9.49165 116.18633,-9.64574 116.09686,-9.83463"
BAN08,Bali-NT-Banda-Maluku,Sumbawa Strait Strike-slip Fault,Sumbawa South 1,SS,90,48.0,30.0,6.9,0.5,No Update,4,"115.92843,-10.27171 115.99802,-10.14909 116.04442,-10.02979 116.08750,-9.88067"
BAN09,Bali-NT-Banda-Maluku,Sumbawa Strait Strike-slip Fault,Sumbawa South 2,SS,90,41.0,20.0,6.8,0.5,No Update,5,"115.80709,-10.66116 115.83540,-10.58881 115.86686,-10.51017 115.88363,-10.43572 115.91719,-10.31724"
BAN10,Bali-NT-Banda-Maluku,Teluk Panas Fault,Teluk Panas Fault,SS,90,177.0,30.0,7.5,0.5,No Update,4,"134.21709,-4.20290 135.39384,-4.08213 135.41786,-3.96135 135.15369,-3.93720"
BAN11,Bali-NT-Banda-Maluku,Nusa Tenggara Oceanic Normal Fault,Nusa Tenggara Oceanic Normal Fault,N,60N,569.0,20.0,7.9,0.5,No Update,16,"114.43475,-11.35056 114.68467,-11.39932 115.06259,-11.47247 115.36127,-11.54561 115.82453,-11.58218 116.34264,-11.60047 116.94000,-11.51513 117.46421,-11.36884 117.74460,-11.32617 118.02499,-11.35056 118.34196,-11.36884 118.70159,-11.38713 118.93932,-11.38713 119.14047,-11.39932 119.35991,-11.41761 119.49401,-11.41151"
BAN12,Bali-NT-Banda-Maluku,Sape Strike-slip,Sape Strike-slip,SS,90,55.0,18.0,7.0,0.5,No Update,2,"116.61384,-1.37681 117.02210,-1.18357"
BAN13,Bali-NT-Banda-Maluku,Bondowatu Fault,Bondowatu Fault,N,60S,45.0,25.0,6.6,0.5,No Update,2,"119.37561,-9.78261 119.01538,-9.66184"
BAN14,Bali-NT-Banda-Maluku,Waikabubak,Waikabubak,N,60S,232.0,20.0,7.4,0.5,New,10,"118.48704,-9.54106 118.75121,-9.54106 118.99136,-9.61353 119.23151,-9.71014 119.47167,-9.78261 119.71182,-9.85507 119.95197,-9.97585 120.12008,-10.12077 120.24016,-10.26570 120.31220,-10.41063"
BAN15,Bali-NT-Banda-Maluku,Sumba Strike-slip,Sumba 1,SS,90,85.0,20.0,7.3,0.5,No Update,11,"119.74724,-11.34046 119.75248,-11.38665 119.76676,-11.44617 119.77438,-11.49570 119.77248,-11.49475 119.79438,-11.58617 119.81200,-11.66284 119.82248,-11.72618 119.82867,-11.76522 119.85211,-11.91644 119.87412,-12.07560"
BAN16,Bali-NT-Banda-Maluku,Sumba Strike-slip,Sumba 2,SS,90,42.0,20.0,6.9,0.5,No Update,7,"119.73242,-10.95459 119.73263,-11.03173 119.73425,-11.08173 119.74819,-11.17427 119.74391,-11.21808 119.74200,-11.27760 119.74533,-11.32998"
BAN17,Bali-NT-Banda-Maluku,Sumba Strike-slip,Sumba 3,SS,90,26.0,20.0,6.6,0.5,No Update,5,"119.71967,-10.94104 119.70781,-10.89956 119.71628,-10.85045 119.69935,-10.78358 119.68242,-10.71754"
BAN18,Bali-NT-Banda-Maluku,Sumba Strike-slip,Sumba 4,SS,90,32.0,20.0,6.7,0.5,No Update,4,"119.65928,-10.68312 119.63557,-10.57814 119.60510,-10.50929 119.56672,-10.41673"
BAN19,Bali-NT-Banda-Maluku,Sumba Strike-slip,Sumba 5,SS,90,47.0,20.0,6.9,0.5,No Update,3,"119.55167,-10.38613 119.48144,-10.13730 119.42324,-9.98881"
BAN20,Bali-NT-Banda-Maluku,Sumba Ridge Thrust,Sumba Ridge Thrust,R,45NW,186.0,20.0,7.7,35,No Update,12,"119.85842,-10.45264 120.03760,-10.49419 120.30247,-10.48380 120.47385,-10.44744 120.54137,-10.46822 120.60109,-10.53833 120.74132,-10.53314 120.89453,-10.45523 121.06072,-10.39551 121.22691,-10.30982 121.29183,-10.27086 121.32818,-10.14882"
BAN21,Bali-NT-Banda-Maluku,Savu Thrust,Savu Thrust,N,45SW,115.0,20.0,7.0,35,No Update,6,"121.48896,-10.19324 121.63305,-10.09662 121.87320,-10.04831 122.11336,-10.09662 122.30548,-10.21739 122.42555,-10.28986"
BAN22,Bali-NT-Banda-Maluku,Savu Ridge Thrust,Savu Ridge Thrust,N,45NW,111.0,20.0,7.0,35,No Update,3,"122.47359,-7.68116 121.99328,-7.41546 121.63305,-7.34300"
BAN23,Bali-NT-Banda-Maluku,Flores Back-arc Thrust,Nusa Tenggara Barat,R,45S,219.0,20.0,7.8,11,No Update,21,"121.43296,-8.24535 121.34810,-8.23763 121.24396,-8.19135 121.05111,-8.16049 120.95468,-8.14507 120.83897,-8.13349 120.74254,-8.11035 120.65769,-8.10649 120.59983,-8.05250 120.55741,-8.02550 120.50341,-8.02164 120.43398,-7.98693 120.35298,-7.98307 120.27584,-8.01392 120.21027,-8.03707 120.09841,-8.02550 119.97113,-8.01778 119.83999,-8.01778 119.75128,-8.00235 119.60857,-8.00235 119.53528,-8.01392"
BAN24,Bali-NT-Banda-Maluku,Flores Back-arc Thrust,Nusa Tenggara Tengah,R,45S,174.0,20.0,7.7,11,No Update,14,"122.99667,-8.01845 122.95060,-7.96470 122.87381,-7.88791 122.82006,-7.87256 122.73559,-7.83416 122.58202,-7.84952 122.45148,-7.89559 122.25183,-7.96470 122.10593,-7.98774 121.95235,-8.03381 121.81413,-8.06453 121.72199,-8.11060 121.69895,-8.13364 121.57609,-8.21810"
BAN25,Bali-NT-Banda-Maluku,Flores Back-arc Thrust,Nusa Tenggara Timur,R,45S,238.0,20.0,7.8,11,No Update,3,"125.49952,-8.14010 124.73103,-7.99517 123.53026,-8.11594"
BAN26,Bali-NT-Banda-Maluku,Flores Back-arc Thrust,Wetar,R,45S,218.0,20.0,7.8,36,No Update,26,"126.87888,-7.56104 126.82837,-7.53712 126.75659,-7.47863 126.71671,-7.44938 126.67683,-7.42546 126.64227,-7.40419 126.58910,-7.39356 126.54125,-7.38558 126.49340,-7.40153 126.44023,-7.45736 126.40301,-7.49192 126.35515,-7.50787 126.31528,-7.50521 126.22223,-7.48660 126.11589,-7.48926 126.01486,-7.50787 125.93511,-7.52914 125.86599,-7.56902 125.80484,-7.62750 125.72243,-7.76043 125.65331,-7.89070 125.58684,-7.98374 125.51241,-8.07413 125.42999,-8.13262 125.39809,-8.16186 125.33694,-8.19377"
BAN27,Bali-NT-Banda-Maluku,Semau Fault,Semau South,SS,90,230.0,20.0,7.8,11,No Update,13,"121.84329,-12.02994 121.97654,-11.83958 122.05268,-11.60164 122.09075,-11.41128 122.17642,-11.29706 122.30967,-11.15430 122.40484,-11.01153 122.43340,-10.90683 122.46195,-10.75455 122.49050,-10.56419 122.50002,-10.43094 122.59520,-10.27865 122.63327,-10.19299"
BAN28,Bali-NT-Banda-Maluku,Semau Fault,Semau North,SS,90,360.0,20.0,8.1,11,No Update,16,"125.37441,-8.25135 125.32682,-8.34653 125.12695,-8.52737 124.96514,-8.61303 124.85093,-8.73676 124.74623,-8.85098 124.52732,-8.95567 124.25131,-9.06037 123.94673,-9.16507 123.69927,-9.30783 123.50891,-9.40301 123.32807,-9.55530 123.17579,-9.72662 123.04254,-9.87891 122.94736,-10.01216 122.87122,-10.14541"
BAN29,Bali-NT-Banda-Maluku,Kalatoa,Kalatoa,SS-RL,90,204.0,20.0,7.8,2,New,6,"121.08070,-7.17391 121.44093,-7.24638 121.82517,-7.36715 122.20942,-7.48792 122.59366,-7.63285 122.92988,-7.75362"
BAN30,Bali-NT-Banda-Maluku,Timor FTB,Timor FTB South,R,45N,256.0,20.0,7.9,5,No Update,6,"122.83382,-10.94203 123.31412,-10.89372 123.79443,-10.74879 124.27474,-10.57971 124.75504,-10.26570 125.01727,-10.10759"
BAN31,Bali-NT-Banda-Maluku,Timor FTB,Timor FTB Central,R,45N,349.0,20.0,8.0,5,No Update,8,"125.01727,-10.10759 125.23535,-9.97585 125.71566,-9.83092 126.19596,-9.68599 126.67627,-9.56522 127.15658,-9.42029 127.63689,-9.25121 128.06172,-9.08032"
BAN32,Bali-NT-Banda-Maluku,Timor FTB,Timor FTB North,R,45N,393.0,20.0,8.0,5,No Update,9,"128.06172,-9.08032 128.11719,-9.05797 128.59750,-8.86473 129.07781,-8.67150 129.55811,-8.47826 130.03842,-8.33333 130.51873,-8.21256 130.99903,-8.09179 131.47934,-7.97101"
BAN33,Bali-NT-Banda-Maluku,Tanimbar FTB,Tanimbar FTB North,R,,189.0,20.0,7.8,0.1 & 0.5,Data Updated,5,"129.81422,-8.75211 130.03842,-8.69565 130.51873,-8.59903 130.99903,-8.40580 131.47934,-8.09179"
BAN34,Bali-NT-Banda-Maluku,Tanimbar FTB,Tanimbar FTB South,R,,291.0,20.0,8.0,2.5,Data Updated,7,"127.15658,-9.61353 127.63689,-9.49275 128.11719,-9.29952 128.59750,-9.13043 129.07781,-8.96135 129.55811,-8.81643 129.81422,-8.75211"
BAN35,Bali-NT-Banda-Maluku,Leti Thrust,Leti Thrust,R,45N,100.0,20.0,7.3,0.5,Data Updated,5,"127.51681,-8.23671 127.73295,-8.23671 127.94908,-8.28502 128.16522,-8.30918 128.38136,-8.35749"
BAN36,Bali-NT-Banda-Maluku,Tanimbar Fault,Tanimbar 1,SS,90,125.0,20.0,7.5,0.5,No Update,5,"131.48590,-6.44014 131.74878,-6.58458 131.94234,-6.62792 132.24567,-6.61925 132.56633,-6.59903"
BAN37,Bali-NT-Banda-Maluku,Tanimbar Fault,Tanimbar 2,SS,90,89.0,20.0,7.3,0.5,No Update,6,"131.06244,-7.18801 130.95684,-6.96548 130.87763,-6.79199 130.81352,-6.67130 130.75694,-6.58456 130.68906,-6.47895"
BAN38,Bali-NT-Banda-Maluku,Tanimbar Fault,Tanimbar 3,SS,90,110.0,20.0,7.4,0.5,No Update,6,"131.05394,-7.37358 130.80548,-7.28351 130.55082,-7.17481 130.43590,-7.07543 130.34584,-7.02264 130.18434,-6.91704"
BAN39,Bali-NT-Banda-Maluku,Tanimbar Fault,Tanimbar 4,SS,90,132.0,20.0,7.6,0.5,No Update,7,"129.65942,-7.35773 129.80651,-7.48973 130.03280,-7.64814 130.25533,-7.77260 130.37602,-7.83294 130.53819,-7.94232 130.64380,-8.01398"
BAN40,Bali-NT-Banda-Maluku,Tanimbar Fault,Tanimbar 5,SS,90,101.0,20.0,7.4,0.5,No Update,6,"130.04035,-7.84803 129.84423,-7.71603 129.61416,-7.65568 129.47461,-7.62174 129.36147,-7.55385 129.23323,-7.45956"
BAN41,Bali-NT-Banda-Maluku,Banda Detachment,Banda South,N,10W,376.0,30.0,7.6,6,New,9,"127.75696,-8.16425 128.11719,-7.99517 128.47742,-7.75362 128.83765,-7.43961 129.19788,-7.14976 129.55811,-6.83575 129.91834,-6.54589 130.27857,-6.23188 130.45420,-6.01114"
BAN42,Bali-NT-Banda-Maluku,Banda Detachment,Banda North,N,10W,189.0,30.0,7.3,6,New,6,"130.45420,-6.01114 130.56676,-5.86957 130.80691,-5.50725 130.90297,-5.14493 130.90297,-4.78261 130.75888,-4.42029"
BAN43,Bali-NT-Banda-Maluku,Seram FTB,West Kai,R,45W,250.0,30.0,7.9,20,Data Updated,6,"132.86131,-4.79693 132.89457,-5.17241 132.75727,-5.63218 132.58565,-6.09195 132.41403,-6.55172 132.39115,-7.01149"
BAN44,Bali-NT-Banda-Maluku,Seram FTB,West Kumawa,R,45SW,102.0,30.0,7.3,17,Data Updated,4,"132.48882,-3.95309 132.66574,-4.19540 132.84881,-4.65517 132.86131,-4.79693"
BAN45,Bali-NT-Banda-Maluku,Seram FTB,South Onin,R,45SW,75.0,20.0,7.2,20,Data Updated,4,"132.08481,-3.39687 132.18520,-3.50575 132.41403,-3.85057 132.48882,-3.95309"
BAN46,Bali-NT-Banda-Maluku,Seram FTB,West Onin,R,45SW,152.0,20.0,7.4,17,Data Updated,5,"130.87222,-2.77260 131.04106,-2.85057 131.49872,-2.96552 131.89917,-3.19540 132.08481,-3.39687"
BAN47,Bali-NT-Banda-Maluku,Seram FTB,South Misool-2,R,45S,79.0,20.0,7.2,15,Data Updated,3,"130.19296,-2.54004 130.46899,-2.58621 130.87222,-2.77260"
BAN48,Bali-NT-Banda-Maluku,Seram FTB,South Misool-1,R,45S,215.0,20.0,7.8,15,Data Updated,4,"128.23792,-2.39080 128.98161,-2.35632 129.78251,-2.47126 130.19296,-2.54004"
BAN49,Bali-NT-Banda-Maluku,Seram Strike Slip,East Gorom,SS,90,153.0,20.0,7.6,14,No Update,5,"132.96829,-4.42029 132.82420,-4.25121 132.31988,-3.96135 132.17579,-4.13043 132.00768,-3.84058"
BAN50,Bali-NT-Banda-Maluku,Seram Strike Slip,West Gorom,SS,90,35.0,20.0,6.7,6,No Update,5,"131.72636,-3.69134 131.71141,-3.68507 131.58218,-3.63087 131.44877,-3.58085 131.43359,-3.57515"
BAN51,Bali-NT-Banda-Maluku,Seram Strike Slip,East Bula,SS,90,51.0,20.0,7.0,6,No Update,5,"131.24814,-3.07249 131.10040,-3.07484 130.98315,-3.07249 130.87996,-3.07953 130.79085,-3.07249"
BAN52,Bali-NT-Banda-Maluku,Seram Strike Slip,North Hote,SS,90,84.0,20.0,7.3,6,No Update,5,"130.79424,-2.85961 130.50658,-2.85128 130.34399,-2.85544 130.17723,-2.83877 130.03966,-2.83877"
BAN53,Bali-NT-Banda-Maluku,Seram Strike Slip,North Kobi,SS,90,30.0,20.0,6.6,6,No Update,3,"130.10297,-2.78796 129.98728,-2.79109 129.83095,-2.78796"
BAN54,Bali-NT-Banda-Maluku,Seram Strike Slip,North Wahai,SS,90,100.0,20.0,7.4,6,No Update,9,"130.03731,-2.67540 129.93413,-2.69416 129.79655,-2.70041 129.69650,-2.68790 129.62146,-2.67852 129.50577,-2.68790 129.43698,-2.66914 129.31504,-2.66289 129.16183,-2.59410"
BAN55,Bali-NT-Banda-Maluku,Seram Strike Slip,North Bula-2,SS,90,129.0,20.0,7.5,3,New,5,"124.22671,-2.53623 124.51489,-2.46377 124.82709,-2.36715 125.13929,-2.27053 125.42747,-2.17391"
BAN56,Bali-NT-Banda-Maluku,Seram Strike Slip,North Bula-1,SS,90,112.0,20.0,7.4,3,New,5,"127.82901,-2.51208 128.06916,-2.48792 128.30931,-2.48792 128.54947,-2.51208 128.81364,-2.53623"
BAN57,Bali-NT-Banda-Maluku,Gorong Fault,Gorong East,SS-LL,90,72.0,20.0,7.2,8,Data Updated,4,"131.04706,-3.88889 131.26320,-3.88889 131.47934,-3.86473 131.69548,-3.88889"
BAN58,Bali-NT-Banda-Maluku,Gorong Fault,Gorong West,SS-LL,90,92.0,20.0,7.3,8,Data Updated,4,"130.32660,-3.86473 130.59077,-3.88889 130.87896,-3.88889 131.14313,-3.91304"
BAN59,Bali-NT-Banda-Maluku,Amahai,Amahai,N,60N,16.0,20.0,6.1,1,New,2,"128.93371,-3.28502 128.93371,-3.42995"
BAN60,Bali-NT-Banda-Maluku,Bobot Fault,Bobot Fault,SS-LL,90,92.0,20.0,7.3,8,Data Updated,4,"129.99039,-3.59903 130.27857,-3.55072 130.56676,-3.50242 130.80691,-3.42995"
BAN61,Bali-NT-Banda-Maluku,Kawa Fault,Mala-Alau,SS-LL,90,65.0,20.0,7.1,8,Data Updated,3,"127.89468,-2.75862 128.23792,-2.79310 128.47925,-2.83352"
BAN62,Bali-NT-Banda-Maluku,Kawa Fault,Teluti,SS-LL,90,74.0,20.0,7.2,8,Data Updated,4,"128.47925,-2.83352 128.58116,-2.85057 128.86720,-2.89655 129.14179,-2.94253"
BAN63,Bali-NT-Banda-Maluku,Ambon,Ambon,N,60SE,33.0,20.0,6.5,1,New,7,"122.77306,-2.83744 122.73775,-2.80193 122.66571,-2.80193 122.61768,-2.85024 122.59366,-2.85024 122.56965,-2.87440 122.52162,-2.87440"
BAN64,Bali-NT-Banda-Maluku,Haruku,Haruku,N,60N,14.0,20.0,6.0,1,New,2,"128.28530,-3.47826 128.40538,-3.47826"
BAN65,Bali-NT-Banda-Maluku,North Buru Fault,North Buru Fault,SS-LL,90,169.0,20.0,7.7,6,Data Updated,6,"126.96446,-2.65700 127.27665,-2.63285 127.63689,-2.63285 127.99712,-2.60870 128.35735,-2.60870 128.45341,-2.58454"
BAN66,Bali-NT-Banda-Maluku,South Buru Fault,South Buru Fault - 1,R,45N,152.0,20.0,7.6,0.5,Data Updated,5,"126.89241,-4.13043 127.22862,-4.13043 127.56484,-4.13043 127.90105,-4.13043 128.23727,-4.15459"
BAN67,Bali-NT-Banda-Maluku,South Buru Fault,South Buru Fault - 2,R,45N,91.0,20.0,7.3,0.5,Data Updated,4,"128.38136,-4.15459 128.64553,-4.17874 128.93371,-4.20290 129.17387,-4.27536"
BAN68,Bali-NT-Banda-Maluku,Manipa Fault,Manipa Fault,SS,90,100.0,20.0,7.4,0.5,No Update,6,"127.30218,-4.03700 127.30440,-3.79034 127.33299,-3.56053 127.34302,-3.42262 127.33996,-3.22368 127.33551,-3.13479"
JAV01,Java,Cimandiri,Citatah,R,45W,16.0,20.0,6.3,0.1,Data Updated,5,"107.35009,-6.85872 107.38571,-6.85183 107.42094,-6.84349 107.45562,-6.83311 107.48991,-6.82127"
JAV02,Java,Cimandiri,Cisokan,R,45S,35.0,20.0,6.8,0.1,New,5,"107.09027,-6.99075 107.15661,-6.94747 107.22208,-6.90296 107.28632,-6.85671 107.34968,-6.80922"
JAV03,Java,Cimandiri,Cimandiri,R,45S,25.0,20.0,6.6,2,Data Updated,5,"106.52693,-7.04393 106.58355,-7.04452 106.64013,-7.04361 106.69662,-7.04058 106.75307,-7.03604"
JAV04,Java,Cimandiri,Nyalindung-Cibeber,R,45S,32.0,20.0,6.5,0.5,Data Updated,5,"106.77226,-7.08969 106.84192,-7.06978 106.91112,-7.04844 106.97965,-7.02507 107.04772,-7.00027"
JAV05,Java,Lembang Fault,Lembang,SS-LL,90,30.0,25.0,6.6,3.45,Data Updated,5,"107.48438,-6.82471 107.55228,-6.82492 107.62013,-6.82361 107.68790,-6.82018 107.75562,-6.81525"
JAV06,Java,Cileunyi-Tanjungsari Fault,Cileunyi-Tanjungsari,SS,90,35.0,25.0,6.5,0.4,New,5,"107.65284,-6.98910 107.72271,-6.95177 107.79181,-6.91313 107.85984,-6.87265 107.92711,-6.83086"
JAV07,Java,Cicalengka Fault,Cicalengka,SS,90,34.0,25.0,6.5,0.1,New,5,"107.73394,-7.09815 107.79845,-7.05618 107.86208,-7.01296 107.92448,-6.96801 107.98601,-6.92181"
JAV08,Java,Cianjur Fault,Cianjur 1,SS,90,9.0,30.0,5.6,0.1,New,5,"107.05280,-6.81688 107.06372,-6.79952 107.07328,-6.78153 107.08092,-6.76264 107.08720,-6.74312"
JAV09,Java,Cianjur Fault,Cianjur 2,SS,90,5.0,30.0,5.6,0.1,New,5,"107.08938,-6.88996 107.09695,-6.88118 107.10320,-6.87170 107.10757,-6.86122 107.11062,-6.85004"
JAV10,Java,Cipamingkis Fault,Cipamingkis,SS,90,28.0,25.0,6.1,0.1,New,5,"107.15667,-6.98104 107.17593,-7.04139 107.19660,-7.10124 107.21927,-7.16035 107.24336,-7.21896"
JAV11,Java,Garsela Fault,Kendang,SS-LL,90,21.0,30.0,6.3,0.1,Data Updated,5,"107.56639,-7.19055 107.60010,-7.15699 107.63269,-7.12242 107.66370,-7.08643 107.69359,-7.04944"
JAV12,Java,Garsela Fault,Kencana,SS-LL,90,18.0,30.0,5.8,0.1,No Update,5,"107.64239,-7.10754 107.67301,-7.08058 107.70256,-7.05256 107.73061,-7.02304 107.75759,-6.99245"
JAV13,Java,Tampomas,Tampomas,N,60,8.0,30.0,5.6,0.5,Data Updated,5,"107.91763,-6.75399 107.92622,-6.73787 107.93340,-6.72124 107.93859,-6.70388 107.94237,-6.68601"
JAV14,Java,Karangmanggu Fault,Karangmanggu,SS,90,20.0,20.0,6.1,0.5,Data Updated,5,"107.94503,-6.58092 107.98839,-6.56787 108.03124,-6.55340 108.07336,-6.53694 108.11496,-6.51907"
JAV15,Java,Ciremai Fault,Ciremai,SS,90,20.0,30.0,6.6,0.5,No Update,5,"108.38176,-6.91195 108.40320,-6.87206 108.42328,-6.83153 108.44143,-6.79010 108.45823,-6.74805"
JAV16,Java,Java Back-arc Thrust,Depok Blind Thrust,R,57SW,43.0,20.0,6.9,0.1,New,5,"106.55563,-6.46996 106.65282,-6.46999 106.75000,-6.47000 106.84718,-6.46999 106.94437,-6.46996"
JAV17,Java,Java Back-arc Thrust,Rarata,R,57SW,15.0,20.0,6.7,0.1,New,5,"106.89285,-6.55943 106.92642,-6.55472 106.96000,-6.55000 106.99358,-6.54528 107.02715,-6.54056"
JAV18,Java,Java Back-arc Thrust,Salak,R,57SW,20.0,20.0,65.0,0.1,New,5,"106.72991,-6.64787 106.77495,-6.64394 106.82000,-6.64000 106.86504,-6.63606 106.91009,-6.63211"
JAV19,Java,Java Back-arc Thrust,Citarum Front,R,43SW,76.0,20.0,6.9,0.1,New,5,"107.00662,-6.54789 107.17831,-6.55397 107.35000,-6.56000 107.52169,-6.56597 107.69339,-6.57187"
JAV20,Java,Java Back-arc Thrust,Citarum,R,50S,41.0,20.0,6.7,0.1,New,5,"107.26470,-6.70643 107.35735,-6.70323 107.45000,-6.70000 107.54265,-6.69676 107.63530,-6.69350"
JAV21,Java,Java Back-arc Thrust,Cariu,R,57SW,18.0,20.0,6.5,0.1,New,5,"107.01882,-6.54567 107.05941,-6.54284 107.10000,-6.54000 107.14059,-6.53716 107.18118,-6.53432"
JAV22,Java,Java Back-arc Thrust,Klapanunggal,R,57SW,13.0,20.0,6.7,0.1,New,5,"106.89127,-6.50205 106.92063,-6.50102 106.95000,-6.50000 106.97936,-6.49897 107.00873,-6.49795"
JAV23,Java,Java Back-arc Thrust,Cirata,R,57SW,63.0,20.0,6.8,0.1,New,5,"107.06666,-6.68969 107.20834,-6.67487 107.35000,-6.66000 107.49165,-6.64509 107.63330,-6.63015"
JAV24,Java,Java Back-arc Thrust,Tangkuban Prahu,R,45S,48.0,20.0,6.6,1,New,5,"107.38297,-6.61995 107.49148,-6.61999 107.60000,-6.62000 107.70852,-6.61999 107.81703,-6.61995"
JAV25,Java,Java Back-arc Thrust,Cipunegara,R,45SW,16.0,20.0,6.4,1,Data Updated,5,"107.72793,-6.59369 107.76397,-6.59685 107.80000,-6.60000 107.83603,-6.60315 107.87207,-6.60630"
JAV26,Java,Java Back-arc Thrust,Tampomas,R,31SW,24.0,20.0,6.7,2,New,5,"107.94314,-6.58115 107.99657,-6.59058 108.05000,-6.60000 108.10343,-6.60942 108.15687,-6.61883"
JAV27,Java,Java Back-arc Thrust,Baribis,R,45SW,17.0,20.0,6.4,2,New,5,"108.16387,-6.70930 108.20193,-6.71465 108.24000,-6.72000 108.27807,-6.72535 108.31613,-6.73069"
JAV28,Java,Java Back-arc Thrust,Ciremai,R,45SW,43.0,20.0,6.7,2,Data Updated,5,"108.23848,-6.74620 108.33424,-6.76311 108.43000,-6.78000 108.52577,-6.79687 108.62155,-6.81372"
JAV29,Java,Java Back-arc Thrust,Cisanggarung,R,45SW,19.0,20.0,6.5,2,Data Updated,5,"108.58536,-6.80508 108.62768,-6.81254 108.67000,-6.82000 108.71232,-6.82746 108.75464,-6.83491"
JAV30,Java,Java Back-arc Thrust,Brebes,R,45S,23.0,20.0,6.7,2,Data Updated,5,"108.75634,-6.90093 108.80817,-6.90547 108.86000,-6.91000 108.91183,-6.91453 108.96366,-6.91905"
JAV31,Java,Java Back-arc Thrust,Tegal,R,45S,18.0,20.0,6.5,2,Data Updated,5,"108.98888,-6.90290 109.02944,-6.90645 109.07000,-6.91000 109.11056,-6.91354 109.15113,-6.91709"
JAV32,Java,Java Back-arc Thrust,Pemalang,R,45S,20.0,20.0,6.5,2,Data Updated,5,"109.17986,-6.90211 109.22493,-6.90606 109.27000,-6.91000 109.31507,-6.91394 109.36014,-6.91787"
JAV33,Java,Java Back-arc Thrust,Pekalongan,R,45S,12.0,20.0,6.3,2,Data Updated,5,"109.40591,-6.93527 109.43296,-6.93763 109.46000,-6.94000 109.48704,-6.94236 109.51409,-6.94473"
JAV34,Java,Java Back-arc Thrust,Batang,R,45S,43.0,20.0,6.6,2,New,5,"109.52621,-6.89302 109.62310,-6.90152 109.72000,-6.91000 109.81690,-6.91846 109.91381,-6.92690"
JAV35,Java,Java Back-arc Thrust,Weleri,R,45S,16.0,20.0,6.4,2,Data Updated,5,"109.92789,-6.90369 109.96394,-6.90685 110.00000,-6.91000 110.03606,-6.91315 110.07211,-6.91630"
JAV36,Java,Java Back-arc Thrust,Semarang Front,R,45S,41.0,20.0,6.9,1.5,Data Updated,5,"110.14521,-6.91381 110.23760,-6.92191 110.33000,-6.93000 110.42240,-6.93807 110.51480,-6.94612"
JAV37,Java,Java Back-arc Thrust,Kendal,R,45S,19.0,20.0,6.5,2,New,5,"110.01435,-7.02251 110.05717,-7.02625 110.10000,-7.03000 110.14283,-7.03374 110.18566,-7.03748"
JAV38,Java,Java Back-arc Thrust,Mranggen,R,45S,12.0,20.0,6.3,1.5,New,5,"110.49590,-7.03527 110.52295,-7.03763 110.55000,-7.04000 110.57705,-7.04236 110.60410,-7.04473"
JAV39,Java,Java Back-arc Thrust,Sendangdelik,R,45S,52.0,20.0,7.1,2,Data Updated,5,"110.39691,-7.14722 110.51345,-7.16363 110.63000,-7.18000 110.74656,-7.19634 110.86312,-7.21266"
JAV40,Java,Java Back-arc Thrust,Purwodadi,R,45S,28.0,20.0,6.8,1,Data Updated,5,"110.82450,-7.13236 110.88725,-7.14119 110.95000,-7.15000 111.01276,-7.15880 111.07551,-7.16760"
JAV41,Java,Java Back-arc Thrust,Gabus,R,45S,40.0,20.0,6.5,1,Data Updated,5,"111.07073,-7.08480 111.16036,-7.09741 111.25000,-7.11000 111.33964,-7.12258 111.42929,-7.13513"
JAV42,Java,Java Back-arc Thrust,Cepu,R,45S,40.0,20.0,6.6,1,New,5,"111.42073,-7.07480 111.51036,-7.08741 111.60000,-7.10000 111.68964,-7.11258 111.77929,-7.12513"
JAV43,Java,Java Back-arc Thrust,Pandan,R,45S,18.0,20.0,6.5,1,New,5,"111.81932,-7.14867 111.85966,-7.15434 111.90000,-7.16000 111.94034,-7.16566 111.98069,-7.17132"
JAV44,Java,Java Back-arc Thrust,Drenges,R,45S,31.0,20.0,6.4,1,New,5,"112.01105,-7.12047 112.08052,-7.13024 112.15000,-7.14000 112.21948,-7.14975 112.28896,-7.15948"
JAV45,Java,Java Back-arc Thrust,Waru,R,45S,59.0,20.0,6.8,1,Data Updated,5,"112.19554,-7.13280 112.32777,-7.15142 112.46000,-7.17000 112.59224,-7.18854 112.72450,-7.20705"
JAV46,Java,Java Back-arc Thrust,Selat Madura1,R,45S,38.0,20.0,6.5,0.5,New,5,"112.67965,-7.19606 112.76482,-7.20804 112.85000,-7.22000 112.93518,-7.23195 113.02037,-7.24388"
JAV47,Java,Java Back-arc Thrust,Selat Madura2,R,45S,134.0,20.0,6.9,0.5,New,5,"112.94668,-7.21627 113.24832,-7.24824 113.55000,-7.28000 113.85172,-7.31156 114.15349,-7.34292"
JAV48,Java,Java Back-arc Thrust,Situbondo,R,45S,101.0,20.0,7.0,0.5,New,5,"113.99433,-7.37997 114.22215,-7.40004 114.45000,-7.42000 114.67787,-7.43984 114.90575,-7.45956"
JAV49,Java,Java Back-arc Thrust,Surabaya,R,45S,25.0,20.0,6.7,0.5,Data Updated,5,"112.53724,-7.25013 112.59362,-7.25507 112.65000,-7.26000 112.70638,-7.26492 112.76276,-7.26984"
JAV50,Java,RMKS,Pati,R,45S,112.0,20.0,6.9,1,Data Updated,5,"110.64823,-6.90021 110.89913,-6.86517 111.15000,-6.83000 111.40083,-6.79470 111.65162,-6.75927"
JAV51,Java,RMKS,Pati2,R,45N,47.0,20.0,6.3,1,New,5,"111.23942,-6.92953 111.34471,-6.91478 111.45000,-6.90000 111.55528,-6.88520 111.66055,-6.87038"
JAV52,Java,RMKS,Bojonegoro,R,45N,41.0,20.0,6.6,1,New,5,"111.66721,-7.21215 111.75861,-7.19609 111.85000,-7.18000 111.94139,-7.16390 112.03277,-7.14778"
JAV53,Java,RMKS,Tuban1,R,45S,68.0,20.0,7.2,0.1,New,5,"112.04537,-6.87269 112.19769,-6.85137 112.35000,-6.83000 112.50229,-6.80858 112.65458,-6.78712"
JAV54,Java,RMKS,Tuban2,R,45S,26.0,30.0,6.3,0.5,New,5,"112.36350,-6.95635 112.42175,-6.94818 112.48000,-6.94000 112.53825,-6.93182 112.59649,-6.92363"
JAV55,Java,RMKS,Tuban3,R,45N,22.0,30.0,6.2,0.5,New,5,"112.52144,-6.87383 112.57072,-6.86692 112.62000,-6.86000 112.66928,-6.85308 112.71855,-6.84615"
JAV56,Java,RMKS,Ketapang,R,R45S,111.0,20.0,6.8,0.5,New,5,"113.04974,-6.89348 113.29988,-6.87180 113.55000,-6.85000 113.80010,-6.82807 114.05017,-6.80600"
JAV57,Java,RMKS,Baliga,R,45N,49.0,20.0,6.7,0.5,New,5,"113.08054,-6.75078 113.19028,-6.73540 113.30000,-6.72000 113.40972,-6.70457 113.51943,-6.68912"
JAV58,Java,RMKS,Somorkoning,SS-LL,90,26.0,20.0,6.5,0.5,New,5,"112.68354,-6.79635 112.74177,-6.78818 112.80000,-6.78000 112.85823,-6.77182 112.91645,-6.76363"
JAV59,Java,RMKS,Sumenep,SS-LL,90,44.0,20.0,6.9,1,Data Updated,5,"112.85297,-6.67765 112.95149,-6.66383 113.05000,-6.65000 113.14851,-6.63615 113.24701,-6.62227"
JAV60,Java,RMKS,Brakas,SS-LL,90,135.0,20.0,7.1,1,New,5,"113.64130,-7.10280 113.94567,-7.07650 114.25000,-7.05000 114.55430,-7.02330 114.85856,-6.99641"
JAV61,Java,RMKS,Mandangin,R,45N,48.0,20.0,6.6,0.5,New,5,"113.23486,-7.11015 113.34243,-7.09509 113.45000,-7.08000 113.55756,-7.06489 113.66511,-7.04975"
JAV62,Java,RMKS,Kangean-Sakala,SS-LL,90,119.0,20.0,7.0,1,Data Updated,5,"114.71374,-6.84659 114.98188,-6.82337 115.25000,-6.80000 115.51809,-6.77648 115.78616,-6.75281"
JAV63,Java,RMKS,Lasem,R,45S,34.0,20.0,6.9,0.1,New,5,"111.49773,-6.74137 111.57387,-6.73069 111.65000,-6.72000 111.72613,-6.70930 111.80226,-6.69858"
JAV64,Java,Rawapening Fault,Rawapening,SS,45,20.0,20.0,5.9,1.5,No Update,12,"110.51167,-7.36494 110.51531,-7.35801 110.51104,-7.33260 110.50479,-7.30983 110.49655,-7.29465 110.49127,-7.28474 110.47477,-7.26988 110.45330,-7.25864 110.44340,-7.25335 110.43316,-7.24971 110.41731,-7.24771 110.41037,-7.24770"
JAV65,Java,Ajibarang Fault,Ajibarang,SS,90,19.0,20.0,6.5,0.5,No Update,24,"109.02445,-7.41718 109.03025,-7.41432 109.03394,-7.41197 109.03868,-7.41094 109.04341,-7.41044 109.04841,-7.40757 109.05552,-7.40524 109.05841,-7.40526 109.06209,-7.40580 109.07498,-7.40297 109.08551,-7.40039 109.10182,-7.39652 109.11129,-7.39473 109.11892,-7.39371 109.12182,-7.39136 109.12577,-7.38902 109.13235,-7.38799 109.14233,-7.38882 109.15231,-7.39070 109.16071,-7.39231 109.16938,-7.39444 109.17778,-7.39684 109.18933,-7.40082 109.19300,-7.40241"
JAV66,Java,Ungaran Fault,Ungaran,N,60S,19.0,20.0,5.8,0.5,Data Updated,5,"110.29693,-7.11776 110.33847,-7.12888 110.38000,-7.14000 110.42154,-7.15111 110.46308,-7.16223"
JAV67,Java,Opak Fault,Opak,SS-LL,50,47.0,20.0,6.9,2,No Update,14,"110.27668,-8.02495 110.29962,-8.00463 110.31697,-7.99170 110.33432,-7.97877 110.34548,-7.96953 110.35912,-7.95289 110.38208,-7.91652 110.39883,-7.88816 110.41308,-7.88016 110.43539,-7.85921 110.45087,-7.84812 110.48063,-7.80311 110.50975,-7.76674 110.55560,-7.71001"
JAV68,Java,Merapi-Merbabu Fault,Merapi-Merbabu,SS,90,28.0,20.0,6.5,0.75,No Update,20,"110.46417,-7.57413 110.46317,-7.56122 110.46284,-7.54830 110.46115,-7.54252 110.45945,-7.53539 110.45606,-7.52247 110.45370,-7.50989 110.45235,-7.49732 110.44930,-7.48644 110.44489,-7.47216 110.44184,-7.45822 110.43981,-7.44905 110.43506,-7.43443 110.43133,-7.42525 110.42828,-7.41471 110.42118,-7.37589 110.42223,-7.35619 110.42735,-7.34532 110.42974,-7.33751 110.43690,-7.32766"
JAV69,Java,Pasuruan Fault,Pasuruan,N,60E,18.0,20.0,6.4,0.15,No Update,36,"113.10804,-7.71645 113.09210,-7.70942 113.07393,-7.70150 113.07047,-7.69958 113.06777,-7.69780 113.06589,-7.69595 113.06236,-7.69403 113.05983,-7.69296 113.05767,-7.69218 113.05457,-7.68990 113.05096,-7.68791 113.04772,-7.68599 113.04564,-7.68557 113.04370,-7.68493 113.04146,-7.68365 113.04002,-7.68229 113.03836,-7.68115 113.03525,-7.67923 113.03353,-7.67852 113.03122,-7.67781 113.02913,-7.67768 113.02655,-7.67819 113.02468,-7.67856 113.02230,-7.67829 113.01992,-7.67736 113.01733,-7.67644 113.01596,-7.67588 113.01438,-7.67517 113.00932,-7.67318 113.00441,-7.67069 112.99959,-7.66885 112.99562,-7.66700 112.99216,-7.66508 112.98934,-7.66280 112.98622,-7.66093 112.96448,-7.64676"
JAV70,Java,Probolinggo Fault,Probolinggo,SS-LL,90,15.0,20.0,6.1,0.15,No Update,17,"113.33798,-7.87785 113.35720,-7.87598 113.38350,-7.87429 113.39212,-7.87402 113.40162,-7.87220 113.40803,-7.87239 113.41408,-7.87043 113.41802,-7.87039 113.42380,-7.86908 113.42847,-7.86778 113.43404,-7.86668 113.44279,-7.86315 113.45105,-7.86078 113.45400,-7.85973 113.46142,-7.85700 113.46763,-7.85533 113.47270,-7.85358"
JAV71,Java,Wonsorejo Fault,Wonsorejo,SS-LL,90,11.0,20.0,5.9,0.225,No Update,11,"114.34184,-7.93997 114.34210,-7.94525 114.34216,-7.95230 114.34315,-7.96595 114.34409,-7.97255 114.34593,-7.98113 114.34733,-7.99014 114.34805,-7.99697 114.34904,-8.01083 114.35049,-8.02514 114.35122,-8.03394"
JAV72,Java,Mataram Fault,Tambakbayan,SS-LL,90,14.0,20.0,6.1,1,New,5,"110.38138,-7.82068 110.40569,-7.80034 110.43000,-7.78000 110.45431,-7.75966 110.47861,-7.73931"
JAV73,Java,Mataram Fault,Dengkeng,SS-LL,90,15.0,20.0,6.2,1,New,5,"110.56430,-7.77889 110.59215,-7.75945 110.62000,-7.74000 110.64785,-7.72055 110.67569,-7.70110"
JAV74,Java,Muria fault,Muria,N,60,30.0,20.0,6.6,1,No Update,29,"110.85437,-6.73082 110.85749,-6.71477 110.85616,-6.70184 110.85661,-6.68935 110.85840,-6.67107 110.86241,-6.66171 110.86509,-6.65591 110.86643,-6.65145 110.86866,-6.64610 110.87937,-6.63808 110.88739,-6.63273 110.89498,-6.62337 110.89810,-6.61088 110.90123,-6.60108 110.90479,-6.59350 110.90836,-6.57923 110.90881,-6.57254 110.91060,-6.56674 110.91015,-6.55649 110.91238,-6.54802 110.91550,-6.54177 110.91595,-6.53687 110.91461,-6.53107 110.91060,-6.52572 110.90927,-6.51814 110.90659,-6.51100 110.90347,-6.50387 110.90035,-6.49941 110.89233,-6.48469"
JAV75,Java,Muria Fault Zone,Muria Offshore1,SS,90,108.0,20.0,7.5,1,New,5,"110.99157,-6.11682 111.22082,-6.03346 111.45000,-5.95000 111.67911,-5.86645 111.90815,-5.78280"
JAV76,Java,Muria Fault Zone,Muria West 15,SS,90,69.0,20.0,7.5,2,New,5,"111.85720,-5.95662 112.00361,-5.90333 112.15000,-5.85000 112.29636,-5.79663 112.44269,-5.74322"
JAV77,Java,Bawean,South Bawean,SS,90,89.0,20.0,7.4,1,New,5,"112.46758,-6.22421 112.65881,-6.16214 112.85000,-6.10000 113.04115,-6.03779 113.23225,-5.97552"
JAV78,Java,Bawean,East Bawean,R,45SE,103.0,30.0,7.5,0.1,New,5,"113.05543,-6.12664 113.25276,-6.00336 113.45000,-5.88000 113.64715,-5.75657 113.84422,-5.63308"
JAV79,Java,Bawean,Masalembo,SS,90,152.0,20.0,7.7,2,Data Updated,5,"113.45504,-5.91469 113.77759,-5.79744 114.10000,-5.68000 114.42228,-5.56238 114.74443,-5.44459"
JAV80,Java,JS-1 Ridge,JS-1 Ridge North,R,45SE,18.0,20.0,6.5,0.1,New,5,"112.97143,-6.32106 113.01072,-6.31053 113.05000,-6.30000 113.08928,-6.28947 113.12856,-6.27893"
JAV81,Java,JS-1 Ridge,JS-1 Ridge South,R,45NW,42.0,20.0,7.0,0.1,New,5,"113.03664,-6.42912 113.12832,-6.40457 113.22000,-6.38000 113.31167,-6.35542 113.40333,-6.33082"
JAV82,Java,JS-2 Ridge,JS-2 Ridge,R,45N,67.0,20.0,7.2,0.1,New,5,"113.25011,-6.44207 113.40006,-6.42106 113.55000,-6.40000 113.69993,-6.37890 113.84984,-6.35775"
Kal01,Kalimantan,Meratus,Meratus,R,45W,100.0,20.0,7.1,0.2,Data Updated,6,"116.17467,-1.46386 116.15660,-1.62651 116.10238,-1.78916 116.10238,-1.98795 116.03010,-2.16867 115.90359,-2.36747"
Kal02,Kalimantan,Loahaur-Separi,Loahaur-Separi,R,45W,194.0,20.0,7.4,1,New,8,"116.28310,-1.46386 116.49997,-1.37349 116.77105,-1.24699 116.98792,-1.12048 117.15056,-0.92169 117.24092,-0.70482 117.27707,-0.46988 117.36743,-0.27108"
Kal03,Kalimantan,Mangkalihat,Sangkulirang,Ss,90,151.0,20.0,7.5,0.5,New,6,"117.54815,1.48193 117.76501,1.37349 117.99995,1.24699 118.25296,1.15663 118.52404,1.04819 118.81319,1.01205"
Kal04,Kalimantan,Mangkalihat,Mangkalihat North,R,45W,48.0,20.0,7.1,0.5,Data Updated,3,"117.54815,1.78916 117.71080,1.68072 117.89152,1.55422"
Kal05,Kalimantan,Mangkalihat,Mangkalihat South,Ss,90,81.0,20.0,7.0,0.5,New,4,"118.25296,2.63855 118.39754,2.49398 118.57826,2.29518 118.75898,2.09639"
Kal06,Kalimantan,Tanjung Selor,Tanjung Selor,R,60W,129.0,20.0,7.1,0.1,New,6,"117.09635,3.30723 117.18671,3.16265 117.31321,2.98193 117.43972,2.78313 117.56622,2.56627 117.71080,2.29518"
Kal07,Kalimantan,Tarakan,Tarakan - South,Ss,90,25.0,20.0,6.5,0.3,New,3,"117.29514,3.43373 117.36743,3.36145 117.45779,3.27108"
Kal08,Kalimantan,Tarakan,Tarakan - North,Ss-LL,90,130.0,20.0,7.4,1,Data Updated,5,"117.13249,3.68675 117.36743,3.63253 117.63851,3.52410 117.92766,3.43373 118.21682,3.39759"
Kal09,Kalimantan,Malinau,Malinau,Ss,90,28.0,20.0,6.8,0.1,New,3,"116.51804,3.65060 116.62647,3.68675 116.73491,3.72289"
Kal10,Kalimantan,Kayan,Kayan,Ss,90,152.0,20.0,7.1,0.1,New,6,"116.33732,1.82530 116.44575,2.11446 116.55419,2.38554 116.68069,2.65663 116.82527,2.90964 116.95177,3.07229"
MAL01,Maluku Utara,Philippine Fault,North Miangas,SS-LL,90,71.0,20.0,7.1,10,New,12,"126.34765,6.29205 126.35879,6.23641 126.36994,6.18078 126.37877,6.12478 126.38523,6.06841 126.39169,6.01203 126.39814,5.95566 126.40460,5.89929 126.41104,5.84291 126.41881,5.78670 126.42685,5.73053 126.43490,5.67436"
MAL02,Maluku Utara,Philippine Fault,Talaud,SS-LL,90,107.0,20.0,7.4,5,New,16,"126.49112,5.26501 126.49825,5.20271 126.50451,5.14031 126.51076,5.07791 126.51701,5.01550 126.52539,4.95352 126.54345,4.89348 126.56151,4.83343 126.57956,4.77338 126.59760,4.71333 126.62060,4.65516 126.64672,4.59817 126.67284,4.54118 126.69894,4.48419 126.72504,4.42719 126.75114,4.37019"
MAL03,Maluku Utara,Philippine Fault,South Miangas,SS-LL,90,47.0,20.0,6.9,10,New,10,"126.43490,5.67436 126.44140,5.62892 126.44790,5.58347 126.45440,5.53802 126.46072,5.49255 126.46680,5.44704 126.47289,5.40154 126.47897,5.35603 126.48505,5.31052 126.49112,5.26501"
MAL04,Maluku Utara,Philippine Fault,Mati,SS-LL,90,143.0,20.0,7.5,10,New,19,"126.10992,7.52375 126.11551,7.45415 126.12109,7.38455 126.12666,7.31495 126.13650,7.24587 126.14800,7.17700 126.15951,7.10813 126.17100,7.03925 126.18792,6.97159 126.20679,6.90435 126.22565,6.83712 126.24341,6.76960 126.25902,6.70153 126.27462,6.63347 126.29020,6.56539 126.30578,6.49732 126.32019,6.42899 126.33392,6.36052 126.34765,6.29205"
MAL05,Maluku Utara,North Sula,North Sula,R,45,461.0,20.0,8.1,40,Data Updated,11,"123.19697,-0.84003 123.60918,-1.02284 124.02139,-1.18738 124.43360,-1.31535 124.72673,-1.36105 124.84581,-1.38847 125.30382,-1.46160 125.76183,-1.52558 126.21985,-1.58957 126.67786,-1.68098 127.13587,-1.89121"
MAL06,Maluku Utara,South Sula,Mangole,SS-LL,90,154.0,20.0,7.5,15,Data Updated,21,"125.97775,-2.03421 126.04534,-2.02747 126.11292,-2.02072 126.18050,-2.01397 126.24814,-2.00793 126.31585,-2.00287 126.38356,-1.99780 126.45126,-1.99273 126.51896,-1.98766 126.58666,-1.98257 126.65402,-1.97417 126.72137,-1.96577 126.78872,-1.95737 126.85606,-1.94897 126.92340,-1.94057 126.98990,-1.92763 127.05575,-1.91121 127.12159,-1.89478 127.18742,-1.87836 127.25325,-1.86193 127.31907,-1.84551"
MAL07,Maluku Utara,South Sula,Talibu,SS-LL,90,166.0,20.0,7.6,15,Data Updated,22,"124.55453,-2.37563 124.62188,-2.35715 124.68923,-2.33867 124.75656,-2.32013 124.82346,-2.30010 124.89036,-2.28008 124.95725,-2.26005 125.02415,-2.24003 125.09103,-2.22000 125.15839,-2.20172 125.22612,-2.18483 125.29384,-2.16793 125.36156,-2.15104 125.42928,-2.13414 125.49709,-2.11772 125.56552,-2.10407 125.63394,-2.09042 125.70235,-2.07677 125.77077,-2.06311 125.83917,-2.04945 125.90836,-2.04113 125.97775,-2.03421"
MAL08,Maluku Utara,South Sula,Kano,SS-LL,90,186.0,20.0,7.7,15,Data Updated,24,"122.96796,-2.80529 123.03672,-2.78569 123.10549,-2.76609 123.17424,-2.74649 123.24300,-2.72688 123.31196,-2.70805 123.38133,-2.69075 123.45069,-2.67345 123.52005,-2.65615 123.58941,-2.63884 123.65876,-2.62153 123.72812,-2.60424 123.79747,-2.58694 123.86682,-2.56964 123.93617,-2.55233 124.00551,-2.53503 124.07419,-2.51527 124.14266,-2.49477 124.21113,-2.47428 124.27960,-2.45378 124.34807,-2.43328 124.41672,-2.41344 124.48563,-2.39454 124.55453,-2.37563"
MAL09,Maluku Utara,Sangihe Thrust,Sangihe Thrust,R,45E,643.0,20.0,8.2,45,New,11,"125.99084,5.37567 126.03664,4.82723 126.03664,4.18738 126.00000,3.54753 125.99084,3.26416 125.92672,2.90767 125.78015,2.26782 125.57863,1.62797 125.34962,1.07953 125.07482,0.53108 124.84581,0.07404"
MAL10,Maluku Utara,Halmahera Thrust,Halmahera Thrust,R,45W,570.0,20.0,8.3,35,New,13,"128.41830,3.18190 128.23510,2.99908 128.00609,2.77056 127.79541,2.54204 127.54808,2.35923 127.41068,1.94790 127.22747,1.58227 127.09007,1.17093 126.95267,0.71390 126.86106,0.25686 126.81526,-0.20018 126.86106,-0.65721 126.95267,-1.15995"
MAL11,Maluku Utara,Sorong Fault,North Kofiau,SS-LL,90,254.0,20.0,7.9,13,Data Updated,6,"127.86869,-0.74862 128.23510,-0.84003 128.69311,-0.94972 129.24273,-1.06855 129.79234,-1.11425 130.15875,-1.11425"
MAL12,Maluku Utara,Sorong Fault,Obi-Kofiau,SS-LL,90,208.0,20.0,7.7,14,Data Updated,6,"128.23510,-1.84551 128.55571,-1.79981 128.87632,-1.70840 129.24273,-1.55301 129.65494,-1.43418 130.06715,-1.38847"
MAL13,Maluku Utara,Sorong Fault,South Halmahera,SS-LL,90,256.0,20.0,7.9,3,Data Updated,7,"126.86106,-1.02284 127.18167,-1.20566 127.50228,-1.38847 127.50228,-1.79067 128.14350,-1.75410 128.50991,-1.84551 128.78471,-1.81809"
MAL14,Maluku Utara,Sorong Fault,Obi,SS-LL,90,180.0,20.0,7.7,14,Data Updated,7,"125.94504,-2.02832 126.26565,-2.01004 126.58626,-2.01004 126.90686,-2.02832 127.22747,-2.04661 127.50228,-2.07403 127.54808,-2.10145"
MAL15,Maluku Utara,Maju Thrust,Maju Thrust,R45W,45W,211.0,20.0,7.7,1,New,8,"126.51297,1.90219 126.49465,1.53656 126.49465,1.35375 126.43969,1.17093 126.35725,0.80530 126.23817,0.43967 126.10992,0.16545 125.99084,-0.01736"
MAL16,Maluku Utara,Kabaruang Thrust,Kabaruang Thrust,R45W,45W,167.0,20.0,7.6,1,New,7,"126.90686,4.14167 126.90686,3.86745 126.93434,3.82175 126.95267,3.45612 126.97099,3.09049 126.97099,2.72486 126.95267,2.54204"
PAP01,Papua,Manokwari Thrust,West segment (North Waigeo),R45S,45S,137.0,20.0,7.5,20,No Update,3,"132.00000,-0.12000 131.60000,-0.04000 130.88000,0.18667"
PAP02,Papua,Manokwari Thrust,East and central segment,R45S,45S,309.0,20.0,7.9,20,No Update,10,"134.53333,-0.92000 134.56000,-0.89333 134.52000,-0.85333 134.24000,-0.68000 134.06667,-0.58667 133.86667,-0.54667 133.61333,-0.32000 133.00000,-0.04000 132.66667,-0.02667 132.28000,-0.12000"
PAP03,Papua,Dampier,Dampier,R45SE,45SE,64.0,20.0,7.2,1,No Update,4,"131.46667,-0.48000 131.66667,-0.37333 131.86667,-0.34667 132.00000,-0.41333"
PAP04,Papua,Koor Fault,Koor Dampier,SS-LL,90,65.0,20.0,7.1,2,Data Updated,4,"131.86667,-0.48000 132.06667,-0.48000 132.26667,-0.49333 132.46667,-0.52000"
PAP05,Papua,Koor Fault,Koor,SS-LL,90,104.0,20.0,7.4,7,Data Updated,5,"132.00000,-0.54667 132.26667,-0.50667 132.53333,-0.48000 132.80000,-0.48000 133.00000,-0.54667"
PAP06,Papua,Sorong Fault,West Salawati,SS-LL,90,45.0,20.0,6.8,30,Data Updated,3,"130.36000,-1.04000 130.53333,-0.98667 130.73333,-0.90667"
PAP07,Papua,Sorong Fault,Sagewin,SS-LL,90,124.0,20.0,7.5,30,Data Updated,5,"130.73333,-0.90667 131.00000,-0.81333 131.26667,-0.72000 131.60000,-0.61333 131.86667,-0.57333"
PAP08,Papua,Sorong Fault,Sorong Dampier,SS-LL,90,111.0,20.0,7.3,10,Data Updated,5,"130.88000,-0.80000 130.97333,-0.78667 131.30667,-0.57333 131.41333,-0.62667 131.76000,-0.58667"
PAP09,Papua,Sorong Fault,Klararea,SS-LL,90,90.0,20.0,7.3,3,Data Updated,3,"131.73333,-0.70667 131.90667,-0.72000 132.49333,-0.92000"
PAP10,Papua,Sorong Fault,Mega-Omnowi,SS-LL,90,193.0,20.0,7.8,15,Data Updated,6,"131.33333,-0.74667 131.66667,-0.64000 132.00000,-0.61333 132.33333,-0.66667 132.66667,-0.73333 132.93333,-0.80000"
PAP11,Papua,Sorong Fault,Anita,R,45N,38.0,20.0,6.9,1,Data Updated,4,"133.05333,-0.76000 133.16000,-0.82667 133.28000,-0.84000 133.30667,-0.92000"
PAP12,Papua,Sorong Fault,Warjori,R,45S,44.0,20.0,6.8,10,Data Updated,3,"133.21333,-0.78667 133.40000,-0.81333 133.56000,-0.86667"
PAP13,Papua,Sorong Fault,Meuni,SS-LL,90,23.0,20.0,6.5,10,Data Updated,3,"133.73333,-0.94667 133.82667,-0.98667 133.92000,-1.04000"
PAP14,Papua,Sorong Fault,Meuni Thrust,R,45S,27.0,20.0,6.6,10,Data Updated,3,"133.93333,-1.05333 134.00000,-1.14667 134.06667,-1.26667"
PAP15,Papua,Ransiki,Ransiki,R,45W,68.0,20.0,7.2,3,Data Updated,2,"140.77333,-4.97333 140.18667,-4.97333"
PAP16,Papua,Yapen Fault,East Wandamen,SS-LL,90,64.0,20.0,7.1,5,New,3,"133.53333,-1.38667 133.80000,-1.48000 134.09070,-1.48000"
PAP17,Papua,Yapen Fault,Ransiki-Num,SS-LL,90,247.0,20.0,7.9,40,No Update,8,"134.09070,-1.48000 134.13333,-1.48000 134.46667,-1.76000 134.86667,-1.62667 135.29333,-1.56000 135.69333,-1.57333 136.08000,-1.68000 136.16089,-1.67677"
PAP18,Papua,Yapen Fault,Randawaya,SS-LL,90,64.0,20.0,7.1,5,No Update,3,"136.16089,-1.67677 136.41333,-1.66667 136.71195,-1.78352"
PAP19,Papua,Yapen Fault,Jobi,SS-LL,90,79.0,20.0,7.2,40,No Update,4,"136.71195,-1.78352 136.72000,-1.78667 137.08000,-1.88000 137.40000,-1.94667"
PAP20,Papua,Sorendidori,Sorendidori,SS-LL,90,33.0,20.0,6.6,1,No Update,3,"133.36000,-4.66667 133.25333,-4.56000 133.26667,-4.44000"
PAP21,Papua,Mamberamo,Mamberamo,SS-LL,90,133.0,20.0,7.5,70,No Update,5,"136.93333,-1.62667 137.20000,-1.68000 137.53333,-1.73333 137.86667,-1.84000 138.13333,-1.93333"
PAP22,Papua,Mamberamo,Makai,R,45SW,51.0,20.0,7.0,70,No Update,4,"138.20000,-2.01333 138.30667,-2.12000 138.41333,-2.22667 138.49333,-2.34667"
PAP23,Papua,Mamberamo,Tuira,SS-LL,90,89.0,20.0,7.3,70,No Update,4,"138.62667,-2.34667 138.86667,-2.34667 139.20000,-2.34667 139.46667,-2.34667"
PAP24,Papua,Mamberamo,Toarim,R,45SW,133.0,20.0,7.3,20,No Update,7,"139.46667,-2.32000 139.62667,-2.45333 139.73333,-2.64000 139.82667,-2.81333 139.93333,-3.01333 140.02667,-3.17333 140.09333,-3.28000"
PAP25,Papua,Mamberamo,Mawe,SS-LL,90,128.0,20.0,7.5,70,No Update,5,"139.72000,-2.60000 140.00000,-2.61333 140.29333,-2.66667 140.66667,-2.69333 140.86667,-2.74667"
PAP26,Papua,Mamberamo,Djanggur,R,45SW,109.0,20.0,7.2,35,No Update,6,"141.08000,-3.14667 140.74667,-3.01333 140.66667,-2.96000 140.64000,-2.85333 140.41333,-2.68000 140.29333,-2.66667"
PAP27,Papua,Bewani Torricelli,Waris,SS-LL,90,68.0,20.0,7.1,30,No Update,9,"141.00892,-3.14766 141.10126,-3.14239 141.19623,-3.13843 141.28725,-3.13711 141.36244,-3.13315 141.46664,-3.11996 141.53524,-3.11996 141.59723,-3.13051 141.61966,-3.13051"
PAP28,Papua,Taminabuan Thrust,Taminabuan South,R,45NE,242.0,20.0,7.8,10,Data Updated,8,"131.73333,-1.01333 131.93333,-1.14667 132.20000,-1.34667 132.46667,-1.54667 132.73333,-1.70667 133.00000,-1.88000 133.26667,-2.05333 133.53333,-2.21333"
PAP29,Papua,Taminabuan Thrust,Taminabuan Central,R,45NE,182.0,20.0,7.7,5,Data Updated,7,"132.24000,-1.56000 132.44000,-1.54667 132.73333,-1.72000 133.01333,-1.81333 133.16000,-1.98667 133.30667,-1.96000 133.64000,-2.18667"
PAP30,Papua,Taminabuan Thrust,Taminabuan North,R,45NE,43.0,20.0,6.8,5,Data Updated,4,"133.10667,-2.05333 133.17333,-2.00000 133.33333,-1.97333 133.37333,-1.88000"
PAP31,Papua,Wandamen,Rumberpon-Kaimana,N,60E,81.0,20.0,6.8,10,Data Updated,5,"134.12000,-1.90667 134.12000,-2.08000 134.13333,-2.29333 134.13333,-2.52000 134.13333,-2.64000"
PAP32,Papua,Wandamen,Rumberpon,N,60W,45.0,20.0,6.6,5,Data Updated,5,"134.17333,-1.68000 134.17333,-1.78667 134.16000,-1.89333 134.14667,-2.02667 134.13333,-2.08000"
PAP33,Papua,Wandamen,Wandamen,N,60W,95.0,20.0,6.9,10,Data Updated,7,"134.45333,-2.56000 134.49333,-2.69333 134.52000,-2.84000 134.54667,-3.01333 134.53333,-3.17333 134.49333,-3.32000 134.45333,-3.41333"
PAP34,Papua,Wandamen,Kaimana,N,60E,120.0,20.0,7.0,5,Data Updated,7,"134.12000,-2.69333 134.06667,-2.80000 134.00000,-2.90667 133.93333,-3.04000 133.86667,-3.18667 133.82667,-3.41333 133.78667,-3.69333"
PAP35,Papua,Wandamen,Fau (east Kaimana),N,60S,50.0,20.0,6.7,2,No Update,3,"134.32000,-3.42667 134.02667,-3.54667 133.92000,-3.50667"
PAP36,Papua,Wandamen,Triton North,N,60SE,60.0,20.0,6.8,2,No Update,6,"134.25857,-3.67329 134.09512,-3.74718 134.00555,-3.80092 133.92047,-3.87033 133.84210,-3.94422 133.81299,-3.97557"
PAP37,Papua,Wandamen,Triton South,N,60NW,98.0,20.0,6.9,2,No Update,11,"133.87568,-4.07633 133.95629,-4.00468 134.04586,-3.93974 134.09512,-3.89048 134.16677,-3.84794 134.23170,-3.81211 134.30336,-3.78524 134.36829,-3.77629 134.40859,-3.74942 134.53175,-3.67329 134.61011,-3.61731"
PAP38,Papua,Cenderawasih Thrust,Cenderawasih Thrust,R,45E,155.0,20.0,7.5,10,Data Updated,11,"135.26667,-3.08000 135.33333,-3.01333 135.42667,-2.90667 135.50667,-2.74667 135.60000,-2.64000 135.69333,-2.50667 135.80000,-2.41333 135.93333,-2.32000 136.06667,-2.22667 136.20000,-2.18667 136.26667,-2.16000"
PAP39,Papua,Wapoga,Wapoga,SS-LL,90,252.0,20.0,7.9,60,Data Updated,12,"135.10667,-4.01333 135.24000,-3.97333 135.37333,-3.86667 135.50667,-3.76000 135.64000,-3.57333 135.77333,-3.38667 135.90667,-3.21333 136.04000,-3.04000 136.17333,-2.84000 136.30667,-2.66667 136.46667,-2.48000 136.64000,-2.32000"
PAP40,Papua,Nawa Hills,Waruta,R,45W,90.0,20.0,7.3,5,No Update,4,"139.74667,-2.61333 139.90667,-3.06667 140.10667,-3.40000 140.10828,-3.40056"
PAP41,Papua,Nawa Hills,Pawasi,R,45W,128.0,20.0,7.5,5,No Update,7,"140.10828,-3.40056 140.45333,-3.52000 140.48000,-3.57333 140.42667,-3.64000 140.44000,-3.86667 140.61333,-4.22667 140.68493,-4.29827"
PAP42,Papua,Nawa Hills,Anabranch,R,45W,88.0,20.0,7.3,5,No Update,5,"140.68493,-4.29827 140.73333,-4.34667 140.86667,-4.61333 140.93333,-4.88000 141.00000,-5.08000"
PAP43,Papua,Yumakot,Yumakot,SS-LL,90,113.0,20.0,7.4,1,New,7,"139.64000,-4.92000 139.80000,-4.93333 139.96000,-4.96000 140.10667,-4.97333 140.26667,-4.97333 140.44000,-4.98667 140.60000,-4.98667"
PAP44,Papua,Wamena,Wamena,R,45SW,88.0,20.0,7.3,2,Data Updated,7,"138.33333,-4.20000 138.46667,-4.18667 138.60000,-4.22667 138.73333,-4.29333 138.86667,-4.33333 139.00000,-4.38667 139.13333,-4.45333"
PAP45,Papua,Habema,Habema,R,45N,46.0,20.0,7.0,2,Data Updated,2,"130.56000,-6.41333 130.74667,-6.08000"
PAP46,Papua,Papua Fold Thrust Belt,Digul,R,45N,309.0,20.0,7.9,5,No Update,9,"139.07510,-4.78189 139.17333,-4.77333 139.36000,-4.72000 139.65333,-4.82667 140.09333,-5.05333 140.49333,-5.33333 140.96000,-5.49333 141.26667,-5.65333 141.52000,-5.69333"
PAP47,Papua,Papua Fold Thrust Belt,Reiger,R,45N,79.0,20.0,7.3,5,No Update,5,"138.44175,-4.79570 138.52000,-4.77333 138.74667,-4.88000 138.86667,-4.80000 139.07510,-4.78189"
PAP48,Papua,Papua Fold Thrust Belt,Kenyam,R,45N,123.0,20.0,7.4,5,No Update,6,"137.42887,-4.59741 137.66667,-4.65333 137.84000,-4.74667 138.10667,-4.73333 138.33333,-4.82667 138.44175,-4.79570"
PAP49,Papua,Papua Fold Thrust Belt,Timika,R,45N,99.0,20.0,7.3,5,No Update,5,"136.64268,-4.40382 136.70667,-4.42667 136.88000,-4.36000 137.21333,-4.54667 137.42887,-4.59741"
PAP50,Papua,Papua Fold Thrust Belt,Waghete,R,45N,177.0,20.0,7.7,5,No Update,7,"135.24000,-4.21333 135.53333,-4.48000 135.76000,-4.45333 136.08000,-4.46667 136.33333,-4.42667 136.52000,-4.36000 136.64268,-4.40382"
PAP51,Papua,Tarera-Aiduna,Tarera-Aiduna North,SS-LL,90,114.0,20.0,7.4,30,Data Updated,7,"134.18667,-4.06667 134.36000,-4.06667 134.53333,-4.05333 134.70667,-4.05333 134.88000,-4.05333 135.05333,-4.04000 135.21333,-4.04000"
PAP52,Papua,Tarera-Aiduna,Tarera-Aiduna South,SS-LL,90,120.0,20.0,7.5,30,New,4,"133.93333,-4.18667 134.33333,-4.18667 134.70667,-4.18667 135.00000,-4.21333"
PAP53,Papua,Tarera-Aiduna,Tarera-Aiduna Central-1,SS-LL,90,181.0,20.0,7.7,20,Data Updated,5,"133.66667,-4.52000 134.06667,-4.48000 134.46667,-4.41333 134.93333,-4.42667 135.33333,-4.34667"
PAP54,Papua,Tarera-Aiduna,Tarera-Aiduna Central-2,SS-LL,90,87.0,20.0,7.3,10,New,3,"133.73333,-4.64000 134.08000,-4.54667 134.46667,-4.48000"
PAP55,Papua,Aru Trough,Aru North,N,60W,68.0,20.0,6.9,10,Data Updated,3,"132.82667,-6.34667 133.01333,-6.14667 133.26667,-5.88000"
PAP56,Papua,Aru Trough,Aru East,N,60W,256.0,20.0,7.4,10,Data Updated,5,"133.26667,-7.14667 133.72000,-6.57333 134.00000,-6.21333 134.33333,-5.74667 134.60000,-5.28000"
PAP57,Papua,Aru Trough,Aru West,N,60E,163.0,20.0,7.1,10,Data Updated,4,"133.16000,-7.08000 133.53333,-6.69333 133.86667,-6.30667 134.02667,-6.04000"
PAP58,Papua,Aru Trough,Aru South,N,60W,106.0,20.0,6.9,10,Data Updated,3,"132.73333,-7.14667 133.14667,-6.76000 133.46667,-6.41333"
PAP59,Papua,Aru Trough,Kumawa East,N,60W,81.0,20.0,6.8,10,New,3,"133.16000,-7.09333 133.40000,-6.82667 133.66667,-6.56000"
PAP60,Papua,Aru Trough,Kumawa West,N,60E,219.0,20.0,7.3,10,Data Updated,6,"132.26667,-7.44000 132.58667,-7.21333 132.86667,-6.88000 133.13333,-6.54667 133.40000,-6.21333 133.66667,-5.81333"
PAP61,Papua,North Papua Thrust,North Papua Thrust East,R,15S,583.0,20.0,8.0,66,Data Updated,8,"136.34309,-2.09780 136.92727,-2.20000 137.65455,-2.43636 138.38182,-2.80000 139.10909,-3.34545 139.83636,-3.43636 140.56364,-3.80000 141.29091,-3.80000"
PAP62,Papua,North Papua Thrust,North Papua Thrust West,R,15S,596.0,20.0,8.2,66,Data Updated,9,"131.10909,-1.16364 131.83636,-1.34545 132.56364,-1.70909 133.29091,-1.80000 134.01818,-2.07273 134.74545,-1.98182 135.47273,-2.25455 136.20000,-2.07273 136.34309,-2.09780"
SUL01,Sulawesi,Tondano,Tondano,N,60NW,37.0,20.0,6.6,0.1,Data Updated,17,"125.48247,0.86667 125.49626,0.88001 125.49626,0.91426 125.50806,0.92567 125.50806,0.97133 125.51985,0.98275 125.51985,1.01699 125.53165,1.02841 125.53165,1.03982 125.54345,1.05124 125.54345,1.07407 125.55525,1.08548 125.55525,1.10831 125.56704,1.11973 125.56704,1.14256 125.57884,1.15397 125.57884,1.15816"
SUL02,Sulawesi,Gorontalo,North,SS-RL,90,78.0,20.0,7.2,6,Data Updated,10,"122.86893,0.78541 122.83436,0.82637 122.78595,0.87211 122.74659,0.91094 122.71574,0.95030 122.66202,1.01307 122.61202,1.05030 122.53650,1.12360 122.47075,1.18636 122.38109,1.29395"
SUL03,Sulawesi,Gorontalo,South,SS-RL,90,74.0,20.0,7.2,6,Data Updated,39,"123.20385,0.30890 123.16040,0.36939 123.11183,0.42647 123.07520,0.49123 123.06583,0.50145 123.06265,0.50667 123.06101,0.51423 123.06166,0.51884 123.05838,0.52574 123.04030,0.54086 123.03142,0.54612 123.01860,0.55072 122.93084,0.64681 122.92520,0.65343 122.92116,0.66195 122.91600,0.66958 122.90680,0.67946 122.90276,0.68731 122.89513,0.69314 122.88885,0.69830 122.88167,0.70369 122.87741,0.70638 122.87068,0.71110 122.86349,0.71536 122.85878,0.71648 122.85026,0.71962 122.84061,0.72299 122.83343,0.72950 122.82041,0.74139 122.81211,0.75149 122.80493,0.75889 122.79752,0.76854 122.79460,0.77168 122.78703,0.78088 122.78316,0.78492 122.77996,0.78913 122.77727,0.79233 122.77525,0.79704 122.77508,0.79822"
SUL04,Sulawesi,Mootilango,Mootilango West,SS-LL,90,50.0,20.0,7.0,0.1,New,13,"120.92062,0.95992 120.93079,0.95992 120.94259,0.97133 120.97798,0.97133 120.98978,0.98275 121.08415,0.98275 121.09595,0.99416 121.13134,0.99416 121.14314,1.00558 121.22572,1.00558 121.29650,1.07407 121.30830,1.07407 121.31928,1.08470"
SUL05,Sulawesi,Mootilango,Mootilango East,SS-LL,90,30.0,20.0,6.9,0.1,New,11,"121.01897,0.98275 120.98978,0.98275 120.97798,0.97133 120.94259,0.97133 120.93079,0.95992 120.88360,0.95992 120.83641,0.93709 120.82462,0.94850 120.81282,0.94850 120.78923,0.97133 120.78923,0.98275"
SUL06,Sulawesi,Tilamuta,Patilonggio,SS-LL,90,42.0,20.0,6.9,0.1,New,5,"121.57493,0.76449 121.68580,0.74304 121.80377,0.73162 121.92175,0.73162 121.97220,0.73650"
SUL07,Sulawesi,Tilamuta,Botumoito,SS-LL,90,32.0,20.0,6.7,0.1,New,4,"121.97220,0.73650 122.03972,0.74304 122.15769,0.75445 122.27566,0.74304"
SUL08,Sulawesi,Tilamuta,Popayato,SS-LL,90,15.0,30.0,6.2,0.1,New,4,"121.43722,0.80256 121.44986,0.80011 121.56783,0.76586 121.57493,0.76449"
SUL09,Sulawesi,Tilamuta,Lemito,N,60SE,30.0,20.0,6.5,0.1,New,4,"123.10145,0.48049 123.17224,0.41200 123.21942,0.32068 123.24302,0.22936"
SUL10,Sulawesi,Tilamuta,Tiloan-2,SS-LL,90,44.0,20.0,6.9,0.1,New,5,"120.74204,0.82294 120.86001,0.84577 120.97798,0.82294 121.09595,0.81152 121.15586,0.80573"
SUL11,Sulawesi,Tilamuta,Tiloan-1,SS-LL,90,30.0,20.0,6.7,0.1,New,4,"121.15586,0.80573 121.21392,0.80011 121.33189,0.82294 121.43722,0.80256"
SUL12,Sulawesi,Buol,Kokobuka,N,60N,32.0,20.0,6.5,0.1,New,5,"120.92427,0.95401 120.94259,0.95992 121.03696,0.98275 121.14314,1.02841 121.17722,1.04902"
SUL13,Sulawesi,Buol,Biau,N,60N,22.0,20.0,6.3,0.1,New,3,"121.17722,1.04902 121.23751,1.08548 121.33189,1.15397"
SUL14,Sulawesi,Buol,Baolan,N,60N,22.0,20.0,6.3,0.1,New,3,"120.74204,0.92567 120.83641,0.92567 120.92427,0.95401"
SUL15,Sulawesi,Tomini,Tomini,N,60S,81.0,20.0,6.8,1,Data Updated,23,"120.36665,0.48655 120.42594,0.49179 120.45830,0.49464 120.48209,0.50178 120.50399,0.51320 120.52873,0.52034 120.55265,0.53184 120.57166,0.53498 120.59250,0.53842 120.62581,0.53604 120.64628,0.53985 120.66306,0.54707 120.69625,0.55793 120.71243,0.56888 120.72588,0.57943 120.74648,0.59615 120.76097,0.60790 120.78476,0.61504 120.81474,0.61647 120.88422,0.60933 120.92850,0.60531 121.00380,0.59847 121.06310,0.59308"
SUL16,Sulawesi,West Ampana,West Ampana,N,60NW,80.0,20.0,7.0,1,New,5,"120.78923,-1.36873 120.90720,-1.26599 121.03696,-1.16326 121.16673,-1.03770 121.28470,-0.90072"
SUL17,Sulawesi,Togian,Togian South,N,60N,66.0,20.0,6.9,1,New,5,"122.07511,-0.54685 122.19308,-0.44412 122.32285,-0.40987 122.46441,-0.51261 122.55702,-0.60222"
SUL18,Sulawesi,Togian,Togian North,N,60S,40.0,20.0,6.6,1,New,4,"122.15769,-0.71808 122.27566,-0.70666 122.39363,-0.71808 122.51160,-0.72949"
SUL19,Sulawesi,Balantak,Siuna,SS-RL,90,142.0,20.0,7.6,4,New,41,"123.71164,-0.95701 123.55891,-0.92609 123.50831,-0.91203 123.42117,-0.88111 123.39118,-0.86893 123.35886,-0.85557 123.33893,-0.84912 123.33013,-0.84512 123.32054,-0.84072 123.29215,-0.83312 123.26857,-0.82593 123.23698,-0.81793 123.21939,-0.81234 123.18182,-0.80314 123.17022,-0.79914 123.15223,-0.79475 123.13384,-0.79155 123.12345,-0.78755 123.10746,-0.78435 123.09746,-0.78435 123.06548,-0.77676 123.05749,-0.77556 123.04909,-0.77396 123.04070,-0.77156 123.03070,-0.77036 123.02031,-0.77116 123.01311,-0.77036 123.00711,-0.76956 122.99912,-0.76596 122.99312,-0.76476 122.98313,-0.76236 122.96794,-0.75957 122.95674,-0.75797 122.94195,-0.75677 122.92996,-0.75477 122.88079,-0.74357 122.76925,-0.72039 122.70928,-0.70520 122.62906,-0.68419 122.53098,-0.65220 122.42722,-0.62875"
SUL20,Sulawesi,Balantak,Tombos,SS-RL,90,113.0,20.0,7.4,4,Data Updated,7,"123.45537,-1.09477 123.63232,-1.16326 123.80928,-1.23175 123.98623,-1.28882 124.16319,-1.34590 124.34015,-1.39156 124.51710,-1.42580"
SUL21,Sulawesi,Balantak,Mamping,SS-RL,90,125.0,20.0,7.5,4,Data Updated,7,"123.33740,-0.88930 123.52615,-0.93496 123.71490,-0.99204 123.90365,-1.02628 124.09241,-1.06052 124.28116,-1.11760 124.46991,-1.18609"
SUL22,Sulawesi,Ambelang,Ambelang,R,45E,52.0,20.0,7.0,1,Data Updated,4,"123.57334,-1.19750 123.71490,-1.24316 123.86826,-1.27741 124.02163,-1.28882"
SUL23,Sulawesi,Peleng,Peleng,SS-RL,90,111.0,20.0,7.4,1,Data Updated,10,"122.64544,-1.72950 122.85916,-1.54291 122.91465,-1.49446 122.93391,-1.47389 122.95606,-1.44132 122.97671,-1.40006 123.00241,-1.35295 123.04381,-1.27300 123.07807,-1.17592 123.17276,-0.90761"
SUL24,Sulawesi,Batui Thrust,Batui,R,45SE,85.0,20.0,7.3,4,Data Updated,17,"122.92056,-0.76203 122.90046,-0.76640 122.85939,-0.77339 122.82094,-0.78737 122.78248,-0.79611 122.76501,-0.80659 122.73704,-0.82232 122.71628,-0.83729 122.66435,-0.85460 122.59793,-0.88074 122.55165,-0.90759 122.50360,-0.95917 122.44178,-1.03937 122.39231,-1.10897 122.35557,-1.14500 122.33473,-1.17821 122.33049,-1.19376"
SUL25,Sulawesi,Maratua,Maratua,SS-LL,90,133.0,20.0,7.5,1,New,53,"116.84900,-1.25458 116.86080,-1.24316 116.87260,-1.24316 116.88439,-1.23175 116.89619,-1.23175 116.93158,-1.19750 116.93158,-1.16326 116.94338,-1.15184 116.94338,-1.12901 116.96697,-1.10618 116.96697,-1.08335 116.97877,-1.07194 116.99057,-1.07194 117.02596,-1.03770 117.03775,-1.03770 117.07315,-1.00345 117.07315,-0.99204 117.09674,-0.96921 117.09674,-0.95779 117.10854,-0.94638 117.10854,-0.93496 117.12033,-0.92355 117.12033,-0.90072 117.13213,-0.88930 117.13213,-0.85506 117.14393,-0.84364 117.14393,-0.82081 117.15573,-0.80940 117.15573,-0.79798 117.17932,-0.77515 117.17932,-0.72949 117.19112,-0.71808 117.19112,-0.70666 117.20291,-0.69525 117.20291,-0.67242 117.21471,-0.66100 117.21471,-0.64959 117.22651,-0.63817 117.22651,-0.62676 117.23831,-0.61534 117.23831,-0.60393 117.25010,-0.59251 117.25010,-0.55827 117.26190,-0.54685 117.26190,-0.52402 117.32088,-0.46695 117.32088,-0.44412 117.34448,-0.42129 117.34448,-0.40987 117.35628,-0.39846 117.35628,-0.35280 117.36807,-0.34138 117.36807,-0.32997"
SUL26,Sulawesi,Makassar Strait Thrust,Mamuju,R,45E,43.0,20.0,7.0,6,No Update,8,"118.77589,-2.60486 118.75604,-2.67235 118.73222,-2.72396 118.72428,-2.78550 118.72626,-2.82917 118.72031,-2.88276 118.70244,-2.93040 118.71237,-2.98400"
SUL27,Sulawesi,Makassar Strait Thrust,Somba,R,45E,101.0,20.0,7.4,6,No Update,19,"118.72031,-3.11898 118.73619,-3.14876 118.76993,-3.17655 118.77192,-3.19640 118.77192,-3.23014 118.77986,-3.27580 118.79375,-3.30359 118.79772,-3.34726 118.78383,-3.40086 118.79574,-3.45445 118.81757,-3.50805 118.84933,-3.57554 118.88506,-3.62913 118.94858,-3.66883 119.04982,-3.71846 119.11136,-3.73831 119.14907,-3.74228 119.19274,-3.74228 119.20465,-3.73831"
SUL28,Sulawesi,Makassar Strait Thrust,Makassar Central,R,45E,224.0,20.0,7.8,3,No Update,33,"119.20926,-1.45199 119.08872,-1.44103 119.06254,-1.43865 119.03637,-1.45055 118.99592,-1.48386 118.96023,-1.51242 118.91978,-1.51955 118.87932,-1.54097 118.84601,-1.58142 118.81032,-1.60284 118.78891,-1.61711 118.75321,-1.65280 118.71990,-1.70753 118.70324,-1.75274 118.64614,-1.81937 118.61520,-1.87885 118.56762,-1.94310 118.54858,-2.01686 118.54382,-2.09300 118.52479,-2.15249 118.51051,-2.24529 118.50099,-2.29288 118.49385,-2.39282 118.50575,-2.45944 118.50575,-2.51655 118.50337,-2.55938 118.48671,-2.62838 118.47720,-2.69263 118.47482,-2.75687 118.47720,-2.81636 118.49147,-2.87585 118.51765,-2.94723 118.55958,-3.06155"
SUL29,Sulawesi,Makassar Strait Thrust,Makassar North,R,45E,131.0,20.0,7.6,2,No Update,18,"119.31477,0.07230 119.29335,0.06279 119.22673,0.04137 119.19817,0.02234 119.15772,0.01282 119.12203,-0.01574 119.07920,-0.08474 119.06254,-0.14185 119.04589,-0.23940 119.03875,-0.31079 119.03637,-0.40359 119.03875,-0.47735 119.05065,-0.57015 119.07444,-0.65581 119.11965,-0.74147 119.14820,-0.79144 119.19103,-0.86520 119.24100,-0.91041"
SUL30,Sulawesi,Palukoro,Palu-Saluki,SS-LL,90,176.0,20.0,7.7,40,Data Updated,7,"119.55019,0.05130 119.56233,0.02389 119.69210,-0.19299 119.75108,-0.66100 119.84546,-0.96921 119.93984,-1.27741 119.99452,-1.45973"
SUL31,Sulawesi,Palukoro,Moa,SS-LL,90,89.0,20.0,7.3,40,Data Updated,4,"119.99452,-1.45973 120.04601,-1.63127 120.15218,-1.93948 120.32914,-2.17919"
SUL32,Sulawesi,Palukoro,Tanimbaya-North,SS-LL,90,101.0,20.0,7.4,40,New,5,"119.17621,1.72380 119.23201,1.50784 119.23201,1.22246 119.22021,0.93709 119.22512,0.81825"
SUL33,Sulawesi,Palukoro,Tanimbaya-South,SS-LL,90,94.0,20.0,7.3,40,Data Updated,4,"119.22512,0.81825 119.23201,0.65172 119.38537,0.42342 119.55019,0.05130"
SUL34,Sulawesi,Tambarana,Tambarana,SS-LL,90,83.0,20.0,7.2,0.1,New,6,"119.07865,-0.23865 119.00787,-0.39846 118.97248,-0.54685 118.99607,-0.69525 119.06685,-0.83223 119.16123,-0.93496"
SUL35,Sulawesi,Sausu,Sausu,SS,90,34.0,20.0,6.7,1,Data Updated,12,"120.44203,-1.20240 120.43370,-1.17860 120.41704,-1.15957 120.39325,-1.14410 120.37540,-1.14053 120.35637,-1.13577 120.32781,-1.13934 120.30402,-1.13339 120.27189,-1.12031 120.23851,-1.10880 120.20520,-1.10107 120.17843,-1.08739"
SUL36,Sulawesi,Tokararu,Tokararu,R,45W,61.0,20.0,7.1,2,Data Updated,12,"120.55898,-1.52846 120.57442,-1.50449 120.58539,-1.47849 120.59189,-1.43949 120.59207,-1.40922 120.58161,-1.33974 120.56638,-1.26645 120.55400,-1.20078 120.55522,-1.14613 120.54749,-1.10657 120.50763,-1.04352 120.48145,-1.00948"
SUL37,Sulawesi,Palolo,Palolo B,N,60N,24.0,20.0,6.3,0.1,No Update,5,"119.92190,-1.04787 119.97186,-1.08713 120.01350,-1.13591 120.04563,-1.17042 120.07180,-1.20611"
SUL38,Sulawesi,Palolo,Palolo A,N,60S,35.0,20.0,6.5,0.1,No Update,17,"120.26454,-1.28939 120.20267,-1.22871 120.17055,-1.20135 120.16173,-1.17700 120.15721,-1.16344 120.15388,-1.15773 120.14722,-1.15606 120.13984,-1.15868 120.13248,-1.15852 120.11486,-1.15582 120.10154,-1.14543 120.08489,-1.12877 120.08297,-1.12061 120.07656,-1.12045 120.06942,-1.12996 120.05752,-1.13948 120.04087,-1.14305"
SUL39,Sulawesi,Maleei,Maleei,R,45E,75.0,20.0,7.2,5,Data Updated,33,"120.44007,-1.49963 120.44007,-1.50914 120.43341,-1.53199 120.42675,-1.54912 120.41437,-1.57672 120.40486,-1.58814 120.39058,-1.61003 120.38011,-1.62336 120.37345,-1.64239 120.36964,-1.65762 120.37154,-1.67380 120.37725,-1.69379 120.38297,-1.70712 120.38582,-1.72330 120.38772,-1.73852 120.38201,-1.76232 120.37725,-1.78040 120.37250,-1.79849 120.36203,-1.82133 120.34775,-1.84417 120.33823,-1.86226 120.32871,-1.88415 120.32395,-1.90509 120.32395,-1.93364 120.32491,-1.95553 120.32395,-1.97933 120.32681,-1.99646 120.33062,-2.02311 120.33442,-2.04690 120.33633,-2.06784 120.34109,-2.08878 120.34489,-2.10877 120.35156,-2.12780"
SUL40,Sulawesi,Napu Thrust,Napu Thrust,R,45W,10.0,20.0,6.1,5,Data Updated,4,"116.89931,-1.22873 116.93158,-1.19750 116.93158,-1.16326 116.93924,-1.15584"
SUL41,Sulawesi,Bada NNE,Bulili,N,60W,28.0,20.0,6.4,0.1,No Update,29,"120.26552,-1.92141 120.26836,-1.90556 120.27161,-1.89581 120.27568,-1.88281 120.28451,-1.86765 120.29107,-1.85795 120.29621,-1.84967 120.30021,-1.84253 120.30449,-1.83710 120.30735,-1.83196 120.30992,-1.82540 120.31392,-1.81826 120.31563,-1.81198 120.31677,-1.80398 120.31649,-1.79770 120.31220,-1.78742 120.30992,-1.78028 120.30963,-1.77457 120.30878,-1.76629 120.31135,-1.75630 120.31591,-1.75030 120.32105,-1.74573 120.32477,-1.74031 120.32591,-1.73203 120.32734,-1.72060 120.32762,-1.71232 120.32762,-1.70233 120.32762,-1.69205 120.32743,-1.68996"
SUL42,Sulawesi,Bada WSW,Tuare,N,60S,17.0,20.0,6.1,0.1,No Update,21,"120.30284,-1.83484 120.29599,-1.83484 120.29085,-1.83513 120.28285,-1.83855 120.28057,-1.83884 120.27514,-1.84027 120.26829,-1.84141 120.26058,-1.84398 120.25430,-1.84398 120.25087,-1.84483 120.24830,-1.84598 120.24231,-1.84997 120.23860,-1.85197 120.23373,-1.85232 120.22733,-1.85666 120.22253,-1.85689 120.21682,-1.85849 120.21225,-1.86603 120.20356,-1.87517 120.18825,-1.88294 120.16609,-1.89665"
SUL43,Sulawesi,Besoa Fault EW,Besoa EW,N,60N,7.0,20.0,5.5,0.1,No Update,10,"120.20941,-1.73515 120.22004,-1.73429 120.22912,-1.73292 120.23478,-1.73241 120.23923,-1.73309 120.24352,-1.73463 120.25277,-1.73309 120.25637,-1.73086 120.26014,-1.73052 120.26769,-1.73001"
SUL44,Sulawesi,Besoa Fault NW,Doda,N,60E,10.0,20.0,5.9,0.1,Data Updated,6,"120.29852,-1.76430 120.29440,-1.75608 120.28664,-1.74313 120.27811,-1.73278 120.27019,-1.72227 120.24613,-1.69079"
SUL45,Sulawesi,Poso,Poso East,SS-LL,90,60.0,20.0,6.8,0.1,Data Updated,5,"120.77047,-1.46528 120.78923,-1.57420 120.81282,-1.72259 120.81282,-1.88240 120.83194,-2.00267"
SUL46,Sulawesi,Poso,Poso South,SS-LL,90,27.0,20.0,6.6,0.1,Data Updated,3,"120.83641,-2.03079 120.86001,-2.14494 120.90720,-2.25909"
SUL47,Sulawesi,Poso,Poso West,SS-LL,90,55.0,20.0,7.0,0.1,Data Updated,5,"120.40406,-1.55105 120.44711,-1.64269 120.50610,-1.77967 120.55328,-1.91665 120.57051,-2.01665"
SUL48,Sulawesi,Loa,Loa,SS,90,15.0,20.0,6.2,0.1,Data Updated,6,"125.29195,-2.23626 125.29571,-2.23626 125.30751,-2.22485 125.35470,-2.22485 125.39009,-2.19060 125.40820,-2.19060"
SUL49,Sulawesi,Peonea,Peonea,R,45E,29.0,20.0,6.7,0.1,New,11,"121.24579,1.02500 121.29650,1.07407 121.30830,1.07407 121.32009,1.08548 121.33189,1.08548 121.36728,1.11973 121.36728,1.13114 121.40267,1.16539 121.41447,1.16539 121.42627,1.17680 121.43807,1.17680"
SUL50,Sulawesi,Weluki,Weluki,R,45W,75.0,20.0,7.2,0.1,Data Updated,58,"121.20162,-2.05773 121.20519,-2.04762 121.21173,-2.03334 121.21768,-2.02085 121.21768,-2.00479 121.21233,-1.99467 121.20876,-1.98337 121.20935,-1.97385 121.21292,-1.96315 121.21292,-1.95006 121.21292,-1.94173 121.20876,-1.93221 121.21114,-1.92151 121.21947,-1.91080 121.22541,-1.89771 121.22482,-1.88581 121.22125,-1.87630 121.21887,-1.86856 121.22006,-1.86321 121.21828,-1.85726 121.21768,-1.84655 121.21233,-1.83822 121.20876,-1.82990 121.20578,-1.82157 121.20519,-1.81086 121.20400,-1.79777 121.20043,-1.78647 121.20043,-1.77874 121.19746,-1.76981 121.19329,-1.75851 121.19508,-1.74899 121.19864,-1.73829 121.20043,-1.72520 121.20459,-1.71152 121.20935,-1.70200 121.21352,-1.69129 121.21471,-1.68356 121.22125,-1.67285 121.22422,-1.66452 121.22422,-1.65203 121.22482,-1.63716 121.22303,-1.62526 121.21828,-1.61158 121.21590,-1.60623 121.21173,-1.59671 121.20816,-1.58481 121.20519,-1.57589 121.20281,-1.55804 121.19983,-1.54436 121.19567,-1.53603 121.18734,-1.51759 121.18318,-1.50034 121.17663,-1.48249 121.17366,-1.47119 121.16771,-1.45216 121.16474,-1.43966 121.15819,-1.42955 121.15225,-1.41944"
SUL51,Sulawesi,Tiu,Tiu,SS-LL,90,11.0,20.0,6.0,0.1,New,3,"121.29650,-1.92806 121.32009,-1.97372 121.33189,-2.01938"
SUL52,Sulawesi,Matano,Pamsoa-Geresa,SS-LL,90,141.0,20.0,7.6,20,Data Updated,6,"121.37701,-2.51109 121.70940,-2.60154 121.87456,-2.68145 122.15769,-2.68145 122.39363,-2.67003 122.65316,-2.68145"
SUL53,Sulawesi,Matano,Kulueana-Matano,SS-LL,90,113.0,20.0,7.4,20,Data Updated,6,"120.39992,-2.16777 120.58868,-2.20202 120.80102,-2.32758 120.97798,-2.41890 121.33189,-2.49881 121.37701,-2.51109"
SUL54,Sulawesi,Matano,Kolono-2,SS-LL,90,77.0,20.0,7.2,20,Data Updated,6,"122.62957,-2.77277 122.77114,-2.80701 122.92450,-2.85267 123.07786,-2.90974 123.21942,-2.97823 123.31380,-3.05814"
SUL55,Sulawesi,Matano,Kolono-1,SS-LL,90,32.0,20.0,6.7,20,Data Updated,3,"122.57058,-2.68145 122.71215,-2.64720 122.85371,-2.61296"
SUL56,Sulawesi,Soroako Thrust,Soroako A,R,45E,25.0,20.0,6.6,0.1,No Update,23,"121.25506,-2.49289 121.25840,-2.49860 121.26292,-2.50646 121.26864,-2.51408 121.27292,-2.52027 121.27435,-2.52598 121.27554,-2.53265 121.27840,-2.53669 121.28268,-2.55026 121.28673,-2.55860 121.29125,-2.56550 121.29768,-2.57264 121.30768,-2.58336 121.31530,-2.59002 121.32268,-2.59479 121.32744,-2.59812 121.33839,-2.60550 121.34673,-2.61193 121.35387,-2.61645 121.36077,-2.62002 121.36982,-2.62788 121.38292,-2.63502 121.40506,-2.65026"
SUL57,Sulawesi,Soroako Thrust,Soroako B,R,45E,23.0,20.0,6.6,0.1,No Update,29,"121.07580,-2.48939 121.07866,-2.49225 121.08419,-2.49796 121.08723,-2.50261 121.08937,-2.50761 121.09044,-2.51350 121.09276,-2.51796 121.09812,-2.52171 121.10812,-2.53314 121.11241,-2.54100 121.11687,-2.54778 121.12366,-2.55635 121.12741,-2.56082 121.13098,-2.56796 121.13669,-2.57421 121.14187,-2.57832 121.14848,-2.58100 121.15348,-2.58350 121.15901,-2.58707 121.16419,-2.59225 121.16890,-2.59890 121.17600,-2.60278 121.18376,-2.60800 121.18966,-2.61015 121.19341,-2.61149 121.20037,-2.61845 121.20787,-2.62314 121.21403,-2.62769 121.21791,-2.63064"
SUL58,Sulawesi,Soroako Thrust,Soroako C,R,45E,15.0,20.0,6.3,0.1,No Update,16,"121.12919,-2.47461 121.13598,-2.47907 121.14562,-2.48657 121.15490,-2.49336 121.16294,-2.49979 121.17205,-2.50496 121.17633,-2.51050 121.18258,-2.51907 121.18597,-2.52478 121.19294,-2.52961 121.19526,-2.53371 121.20347,-2.54014 121.21294,-2.54835 121.22079,-2.55371 121.22671,-2.55697 121.23354,-2.56032"
SUL59,Sulawesi,Manui,Manui,SS-LL,90,128.0,20.0,7.5,5,New,29,"122.91270,-2.96682 122.88911,-2.96682 122.87731,-2.95540 122.86551,-2.95540 122.84192,-2.93257 122.83012,-2.93257 122.77114,-2.87550 122.67676,-2.87550 122.66496,-2.86408 122.65316,-2.86408 122.64137,-2.85267 122.64137,-2.81843 122.65316,-2.80701 122.65316,-2.79560 122.67676,-2.77277 122.80653,-2.73852 122.81832,-2.72711 122.88911,-2.72711 122.90090,-2.71569 123.05427,-2.70428 123.08966,-2.70428 123.10145,-2.69286 123.14864,-2.69286 123.16044,-2.68145 123.21942,-2.68145 123.23122,-2.67003 123.33740,-2.67003 123.34919,-2.65862 123.38135,-2.65862"
SUL60,Sulawesi,Tolo Thrust,Tolo Thrust,R,45W,166.0,20.0,7.6,2,Data Updated,10,"123.50373,-4.12708 123.52118,-4.00143 123.53052,-3.82854 123.52118,-3.70237 123.49781,-3.54817 123.44174,-3.37060 123.27352,-3.16500 123.09595,-3.02014 122.96511,-2.90332 122.90756,-2.88414"
SUL61,Sulawesi,Lawanopo,Lawanopo,SS-LL,90,140.0,20.0,7.6,0.1,Data Updated,13,"122.35177,-3.76535 122.26137,-3.68661 122.18118,-3.62683 122.05506,-3.54489 121.92821,-3.47199 121.78240,-3.40492 121.58420,-3.26683 121.53472,-3.23790 121.46692,-3.19197 121.41662,-3.15589 121.39147,-3.14167 121.35647,-3.12636 121.29961,-3.08481"
SUL62,Sulawesi,Kendari,Kendari South,SS,90,10.0,20.0,5.9,0.1,No Update,10,"122.80657,-4.29384 122.79398,-4.28262 122.78574,-4.27370 122.77612,-4.26637 122.76903,-4.25767 122.76605,-4.25264 122.76170,-4.24462 122.75644,-4.23455 122.75300,-4.23043 122.74934,-4.22494"
SUL63,Sulawesi,Kendari,Kendari Central,SS,90,10.0,20.0,5.9,0.1,No Update,6,"122.60667,-4.11997 122.63475,-4.10928 122.65429,-4.10257 122.65826,-4.10165 122.66863,-4.10074 122.69397,-4.09494"
SUL64,Sulawesi,Kendari,Kendari North,SS,90,90.0,20.0,7.3,0.1,Data Updated,39,"124.65165,-5.18594 124.63507,-5.16990 124.63507,-5.15849 124.62328,-5.14707 124.61148,-5.14707 124.59968,-5.13566 124.58789,-5.13566 124.57609,-5.12424 124.56429,-5.12424 124.55249,-5.11283 124.54070,-5.11283 124.52890,-5.10141 124.51710,-5.10141 124.50531,-5.09000 124.49351,-5.09000 124.48171,-5.07858 124.45812,-5.07858 124.43452,-5.05575 124.42273,-5.05575 124.41093,-5.04434 124.38734,-5.04434 124.37554,-5.03292 124.31655,-5.03292 124.29296,-5.01009 124.28116,-5.01009 124.26936,-4.99868 124.25757,-4.99868 124.24577,-4.98726 124.23397,-4.98726 124.21038,-4.96443 124.19858,-4.96443 124.15139,-4.91877 124.13960,-4.91877 124.11600,-4.89594 124.09241,-4.89594 124.08061,-4.88453 124.04522,-4.88453 124.02163,-4.86170 123.99322,-4.83422"
SUL65,Sulawesi,Pelosika,Pelosika,SS-RL,90,31.0,20.0,6.6,0.1,New,16,"121.14314,-1.18502 121.14314,-1.16326 121.15494,-1.15184 121.17853,-1.15184 121.19033,-1.14043 121.20212,-1.14043 121.23751,-1.10618 121.23751,-1.09477 121.24931,-1.08335 121.24931,-1.07194 121.26111,-1.06052 121.26111,-1.04911 121.24931,-1.03770 121.24931,-1.02628 121.26111,-1.01487 121.28421,-0.99922"
SUL66,Sulawesi,Kolaka,Kolaka North,SS-LL,90,114.0,20.0,7.4,1,New,5,"120.74204,-3.68596 121.03696,-3.75445 121.33189,-3.84577 121.62682,-3.97133 121.71908,-4.01777"
SUL67,Sulawesi,Kolaka,Kolaka South1,SS-LL,90,85.0,20.0,7.3,1,New,4,"122.38038,-4.36193 122.51160,-4.42793 122.80653,-4.55350 123.10145,-4.63340"
SUL68,Sulawesi,Kolaka,Kolaka South2,SS-LL,90,42.0,20.0,6.9,1,New,5,"122.39363,-4.71330 122.45261,-4.78179 122.51160,-4.85028 122.57058,-4.91877 122.62957,-4.97585"
SUL69,Sulawesi,Kolaka,Kolaka Central,SS-LL,90,82.0,20.0,7.2,1,New,4,"121.71908,-4.01777 121.92175,-4.11973 122.21667,-4.27954 122.38038,-4.36193"
SUL70,Sulawesi,Buton,Buton A,N,60E,34.0,20.0,6.5,0.1,No Update,10,"122.76067,-4.93853 122.73926,-4.93734 122.71189,-4.94686 122.66906,-5.00159 122.63337,-5.03609 122.60720,-5.05751 122.58221,-5.08487 122.57983,-5.11104 122.58578,-5.12175 122.58697,-5.14733"
SUL71,Sulawesi,Buton,Buton B,SS,SS,68.0,20.0,7.1,0.1,No Update,7,"122.56823,-5.47857 122.66055,-5.32914 122.73575,-5.17590 122.77953,-5.07311 122.80427,-5.03789 122.83949,-4.94938 122.84044,-4.93224"
SUL72,Sulawesi,Belopa,Belopa,SS,SS,16.0,20.0,6.4,0.1,New,3,"120.24656,-3.24078 120.27015,-3.30927 120.29375,-3.37776"
SUL73,Sulawesi,West Walanae,West Walanae,SS,SS,78.0,20.0,7.2,0.1,Data Updated,5,"119.88085,-4.10831 119.90445,-4.27954 119.92804,-4.45076 119.93984,-4.62199 119.95163,-4.79321"
SUL74,Sulawesi,East Walanae,East Walanae,R,45E,68.0,20.0,7.2,0.1,Data Updated,5,"120.11679,-4.54208 120.14039,-4.70189 120.15218,-4.86170 120.16398,-5.02151 120.17578,-5.16990"
SUL75,Sulawesi,Hamilton Fault,Hamilton Fault,SS-LL,90,212.0,20.0,7.8,7,Data Updated,75,"125.10696,0.38917 125.14235,0.42342 125.14235,0.43483 125.17774,0.46908 125.17774,0.48049 125.20133,0.50332 125.20133,0.51474 125.26032,0.57181 125.27212,0.57181 125.28391,0.58323 125.29571,0.58323 125.31930,0.60606 125.31930,0.61747 125.33110,0.62889 125.33110,0.66313 125.34290,0.67455 125.34290,0.68596 125.36649,0.70879 125.36649,0.72021 125.40188,0.75445 125.40188,0.76586 125.42548,0.78869 125.42548,0.80011 125.46087,0.83435 125.46087,0.84577 125.49626,0.88001 125.49626,0.91426 125.50806,0.92567 125.50806,0.97133 125.51985,0.98275 125.51985,1.01699 125.53165,1.02841 125.53165,1.03982 125.54345,1.05124 125.54345,1.07407 125.55525,1.08548 125.55525,1.10831 125.56704,1.11973 125.56704,1.14256 125.57884,1.15397 125.57884,1.16539 125.59064,1.17680 125.60243,1.17680 125.62603,1.19963 125.62603,1.27954 125.63783,1.29095 125.63783,1.33661 125.66142,1.35944 125.66142,1.38227 125.67322,1.39369 125.67322,1.41652 125.68501,1.42793 125.68501,1.45076 125.69681,1.46218 125.69681,1.47359 125.70861,1.48501 125.70861,1.49642 125.73220,1.51925 125.73220,1.54208 125.74400,1.55350 125.74400,1.62199 125.75580,1.63340 125.75580,1.65623 125.76759,1.66764 125.76759,1.69047 125.77939,1.70189 125.77939,1.72472 125.79119,1.73613 125.79119,1.75896 125.80298,1.77038 125.80298,1.78179 125.81478,1.79321 125.81478,1.80462 125.82658,1.81604 125.83838,1.81604"
SUL76,Sulawesi,Selayar Fault,Selayar East,N,60W,176.0,20.0,7.2,0.5,Data Updated,16,"121.03673,-7.09963 121.01897,-7.06236 120.95099,-6.91959 120.94079,-6.84481 120.93399,-6.73604 120.91360,-6.63747 120.91700,-6.50830 120.89660,-6.37573 120.90340,-6.23637 120.88980,-6.15139 120.83542,-6.00523 120.80483,-5.89985 120.75384,-5.79108 120.71305,-5.70270 120.66206,-5.62792 120.63882,-5.59382"
SUL77,Sulawesi,Selayar Fault,Selayar West,N,60E,156.0,20.0,7.2,0.5,Data Updated,14,"120.45755,-5.32880 120.50740,-5.43304 120.53006,-5.47383 120.54366,-5.55088 120.56179,-5.68231 120.59351,-5.75936 120.63883,-5.81827 120.71135,-5.90439 120.70682,-5.93611 120.70228,-5.98143 120.72495,-6.14459 120.72948,-6.32588 120.76120,-6.47091 120.74761,-6.62500"
SUM01,Sumatra,Sagaing Fault,Sagaing,SS-RL,90,303.0,20.0,7.0,20,New,5,"95.22798,11.06703 95.09378,11.49212 95.15080,12.37431 95.30493,13.04134 95.39372,13.75720"
SUM02,Sumatra,Andaman Spreading Ridge,Andaman North 2,N,60S,202.0,20.0,8.0,7.5,Data Updated,7,"95.06634,11.95387 94.88105,11.78381 94.76778,11.66690 94.61365,11.58130 94.37314,11.45967 94.13849,11.08784 93.75934,10.74054"
SUM03,Sumatra,Andaman Spreading Ridge,Andaman North 1,N,60S,173.0,20.0,8.0,7.5,Data Updated,8,"95.09754,11.18934 94.81427,11.06290 94.52663,10.88643 94.32778,10.80301 94.24461,10.65906 94.15932,10.60603 93.98505,10.51542 93.79358,10.40111"
SUM04,Sumatra,Andaman Spreading Ridge,Andaman South 1,N,60N,178.0,20.0,8.0,7.5,Data Updated,7,"93.79589,10.25473 94.11461,10.38311 94.33153,10.50023 94.49824,10.67720 94.73955,10.84260 94.97929,10.93252 95.17814,11.01594"
SUM05,Sumatra,Andaman Spreading Ridge,Andaman South 2,N,60N,220.0,20.0,8.0,7.5,Data Updated,9,"93.88812,9.44917 94.26923,9.63776 94.49400,9.76077 94.57665,9.84469 94.64631,9.96146 94.73180,10.25915 94.90854,10.42203 95.11139,10.47562 95.35549,10.59297"
SUM06,Sumatra,West Andaman Fault,WAF Central,SS,90,172.0,20.0,7.3,10,No Update,11,"94.37734,4.44476 94.31241,4.60708 94.24027,4.79466 94.13926,5.03274 94.09598,5.20228 94.06712,5.33574 94.01662,5.52332 93.98055,5.66039 93.95890,5.73975 93.95890,5.81190 93.95530,5.90208"
SUM07,Sumatra,West Andaman Fault,WAF South (Simulue),SS,90,200.0,20.0,7.8,10,Data Updated,11,"95.77938,2.96145 95.71806,3.11656 95.49802,3.54582 95.37898,3.74061 95.23830,3.97147 95.17337,4.09051 95.09761,4.15544 95.02547,4.20955 94.94972,4.23840 94.84872,4.31416 94.74771,4.32858"
SUM08,Sumatra,West Andaman Fault,WAF North-East,SS,90,676.0,20.0,8.0,10,Data Updated,11,"93.77219,12.60327 93.67674,11.90336 93.56539,11.06029 93.59721,10.26494 93.74037,9.42187 93.66084,8.65833 93.74037,8.11749 93.80019,7.42312 93.86512,6.82312 93.86512,6.74016 93.87954,6.64637"
SUM09,Sumatra,West Andaman Fault,WAF North-West,SS,90,485.0,20.0,8.0,10,Data Updated,5,"93.60577,7.55010 93.08011,8.89818 92.91054,9.80537 92.74945,10.83975 92.79184,11.71303"
SUM10,Sumatra,West Andaman Backthrust,WAB North,R,45W,542.0,20.0,7.9,10,Data Updated,7,"93.69436,7.52944 93.62517,7.77853 93.47294,8.63651 93.29305,9.67440 93.19618,10.22793 93.15466,11.58410 93.23769,12.37289"
SUM11,Sumatra,West Andaman Backthrust,WAB South,R,45W,464.0,20.0,7.9,10,Data Updated,7,"95.63174,2.82436 95.35497,3.04578 95.02285,3.37790 94.77376,3.84841 94.46931,4.54033 94.30325,4.94165 93.80507,6.43620"
SUM12,Sumatra,Sumatran Fault,Nicobar,SS,90,164.0,20.0,7.7,10,Data Updated,3,"94.29633,7.52944 94.64921,6.95514 95.12664,6.33241"
SUM13,Sumatra,Sumatran Fault,Aceh-North,SS,90,65.0,20.0,7.1,2,No Update,11,"95.45014,5.35660 95.42538,5.38573 95.39916,5.41486 95.36129,5.44981 95.31788,5.48322 95.27914,5.52196 95.23073,5.58282 95.17540,5.65890 95.13113,5.69902 95.09240,5.74329 95.05366,5.77234"
SUM14,Sumatra,Sumatran Fault,Aceh-Central,SS,90,142.0,20.0,7.6,14,No Update,30,"96.44097,4.51095 96.43927,4.51378 96.42965,4.52792 96.42173,4.53641 96.41777,4.54094 96.40928,4.54660 96.39683,4.55396 96.38324,4.56641 96.36910,4.57603 96.34872,4.59527 96.33401,4.61791 96.31393,4.63758 96.25895,4.69153 96.21226,4.73510 96.16039,4.78490 96.11059,4.84196 96.04108,4.90421 95.99750,4.94260 95.95808,4.97683 95.91865,5.01418 95.88649,5.04323 95.85329,5.05879 95.80868,5.09303 95.73606,5.14802 95.71219,5.16047 95.62089,5.23309 95.56695,5.27667 95.53167,5.29638 95.51092,5.31153 95.48291,5.33539"
SUM15,Sumatra,Sumatran Fault,Aceh-South,SS,90,27.0,20.0,6.6,14,Data Updated,10,"96.65043,4.36137 96.61817,4.38395 96.60158,4.40054 96.57024,4.42127 96.52830,4.45154 96.50680,4.46505 96.48836,4.47734 96.47116,4.48717 96.45395,4.49332 96.44965,4.49455"
SUM16,Sumatra,Sumatran Fault,Seulimeum-North,SS,90,222.0,20.0,7.4,18,Data Updated,19,"95.73495,5.29406 95.72042,5.31792 95.69863,5.34385 95.67892,5.36357 95.64987,5.39469 95.61460,5.43308 95.58555,5.46939 95.57310,5.49948 95.53367,5.55550 95.51292,5.58663 95.46209,5.66444 95.40745,5.74294 95.34861,5.83628 95.27556,5.93164 95.04830,6.19136 94.94076,6.32528 94.66955,6.65737 94.59109,6.75206 94.52075,6.84946"
SUM17,Sumatra,Sumatran Fault,Seulimeum-South,SS,90,38.0,20.0,6.8,6,Data Updated,13,"95.95282,5.00563 95.93933,5.03261 95.92169,5.06062 95.90717,5.08241 95.89472,5.11665 95.88642,5.14258 95.87086,5.16541 95.85529,5.18927 95.84181,5.21313 95.82209,5.22869 95.80031,5.24529 95.76711,5.26604 95.75881,5.27123"
SUM18,Sumatra,Sumatran Fault,Tripa1-Thrust,R,45W,33.0,20.0,6.8,16,Data Updated,16,"96.92927,4.28318 96.92051,4.29470 96.91221,4.29931 96.89424,4.30668 96.87903,4.31175 96.86429,4.31636 96.84585,4.32189 96.82696,4.33019 96.81452,4.33756 96.80438,4.34586 96.79101,4.35507 96.76244,4.36383 96.72834,4.37305 96.69977,4.37581 96.67672,4.37489 96.65460,4.37397"
SUM19,Sumatra,Sumatran Fault,Tripa 2,SS,90,105.0,20.0,7.4,8,Data Updated,23,"96.81771,4.29049 96.84065,4.26919 96.88161,4.24215 96.93896,4.20119 96.97583,4.17251 97.00942,4.14384 97.04629,4.11189 97.08233,4.09058 97.10773,4.07010 97.12985,4.05699 97.16098,4.03979 97.19703,4.01193 97.22816,4.00292 97.25438,3.98654 97.28551,3.97343 97.32320,3.94721 97.37563,3.90543 97.41004,3.88822 97.46166,3.85873 97.50262,3.83087 97.52556,3.81285 97.55178,3.79155 97.58127,3.75141"
SUM20,Sumatra,Sumatran Fault,Tripa 3,SS,90,69.0,20.0,7.2,16,Data Updated,15,"98.02049,3.22089 97.97898,3.27114 97.94402,3.31921 97.91999,3.36181 97.89924,3.41206 97.87193,3.46231 97.84243,3.50928 97.81731,3.53659 97.77908,3.57154 97.73975,3.60978 97.70480,3.64036 97.66329,3.67204 97.63816,3.70372 97.62833,3.72338 97.60976,3.75178"
SUM21,Sumatra,Sumatran Fault,Tripa 4,SS,90,55.0,50.0,7.0,8,Data Updated,14,"97.40968,3.99911 97.37509,4.01848 97.35019,4.04061 97.32529,4.06413 97.29486,4.08350 97.26443,4.11531 97.20495,4.14713 97.17866,4.16096 97.14961,4.18033 97.12195,4.19001 97.10120,4.20246 97.05831,4.22736 97.02512,4.25364 97.00160,4.27024"
SUM22,Sumatra,Sumatran Fault,Tripa 5,SS,90,21.0,50.0,6.5,8,Data Updated,5,"97.52726,3.90228 97.47746,3.93686 97.42904,3.96591 97.39999,3.97975 97.36126,3.99635"
SUM23,Sumatra,Sumatran Fault,Batee A,SS,90,45.0,20.0,6.7,6,Data Updated,21,"96.46921,4.27750 96.46845,4.28768 96.46692,4.30243 96.46285,4.30955 96.45268,4.33168 96.45242,4.34389 96.44708,4.36043 96.44327,4.37187 96.44098,4.37772 96.43538,4.38917 96.43802,4.40531 96.43263,4.41698 96.42455,4.44032 96.41288,4.46456 96.38954,4.49778 96.38057,4.52202 96.37069,4.54446 96.35722,4.56960 96.34106,4.59473 96.32580,4.61807 96.31054,4.63513"
SUM24,Sumatra,Sumatran Fault,Batee B,SS,90,50.0,20.0,6.2,0.5,Data Updated,11,"96.73697,3.85858 96.69926,3.90616 96.65887,3.96541 96.61757,4.01748 96.60949,4.03095 96.58076,4.07763 96.55383,4.12791 96.52869,4.16651 96.50894,4.19883 96.50176,4.21319 96.48650,4.23115"
SUM25,Sumatra,Sumatran Fault,Batee C,SS,90,37.0,28.0,7.0,0.1,Data Updated,12,"96.96500,3.58657 96.93447,3.63594 96.90754,3.68173 96.87163,3.71494 96.84111,3.74367 96.82405,3.76342 96.79353,3.79484 96.77378,3.81459 96.76660,3.82896 96.76031,3.83704 96.75852,3.83524 96.75762,3.83973"
SUM26,Sumatra,Sumatran Fault,Renun,SS,90,195.0,28.0,7.8,14,Data Updated,21,"97.90640,3.28789 97.93920,3.25405 98.03788,3.15218 98.06760,3.12989 98.12596,3.04394 98.20555,2.93889 98.27346,2.85718 98.35284,2.76646 98.40638,2.70779 98.49695,2.60470 98.53112,2.57052 98.60004,2.49306 98.64903,2.43838 98.69175,2.37800 98.73333,2.32788 98.78573,2.27376 98.87288,2.16839 98.94123,2.07953 98.99648,2.00549 99.00332,1.97985 99.01549,1.93422"
SUM27,Sumatra,Sumatran Fault,Samosir,SS,90,32.0,20.0,7.0,5,New,3,"98.73000,2.59000 98.82000,2.47000 98.91000,2.36000"
SUM28,Sumatra,Sumatran Fault,Toru-1,SS,90,75.0,20.0,7.2,14,Data Updated,4,"98.96322,2.00188 99.03113,1.92972 99.10435,1.80450 99.36032,1.43732"
SUM29,Sumatra,Sumatran Fault,Toru-2,SS,90,29.0,20.0,6.6,9.3,New,3,"99.36032,1.43732 99.40335,1.37559 99.50522,1.21253"
SUM30,Sumatra,Sumatran Fault,Angkola-Main,SS,90,130.0,20.0,7.5,10,Data Updated,6,"99.22000,1.62000 99.30000,1.42000 99.38000,1.20000 99.46000,0.97000 99.54000,0.74000 99.60000,0.56000"
SUM31,Sumatra,Sumatran Fault,Angkola-Normal,N,60,35.0,20.0,6.5,1,New,3,"99.43000,1.18000 99.49000,1.02000 99.55000,0.86000"
SUM32,Sumatra,Sumatran Fault,Angkola-South A,SS,90,47.0,20.0,7.0,10,New,4,"99.55000,0.66000 99.68000,0.58000 99.82000,0.48000 99.92000,0.40000"
SUM33,Sumatra,Sumatran Fault,Angkola-South B,SS,90,30.0,25.0,6.6,5,New,3,"99.58000,0.62000 99.67000,0.53000 99.76000,0.45000"
SUM34,Sumatra,Sumatran Fault,Talamau,SS,90,29.0,20.0,6.1,0.1,New,4,"99.78015,0.21429 99.86909,0.17143 99.95802,0.14286 100.01138,0.10714"
SUM35,Sumatra,Sumatran Fault,Barumun,SS,90,123.0,30.0,7.5,14,Data Updated,14,"99.50746,1.21062 99.53241,1.19046 99.55736,1.17382 99.62673,1.10566 99.66428,1.06532 99.71888,0.99025 99.87434,0.82569 99.97141,0.72104 100.00326,0.68313 100.05482,0.59744 100.08440,0.46928 100.10108,0.43136 100.11852,0.37676 100.10487,0.29411"
SUM36,Sumatra,Sumatran Fault,Sumpur,SS,90,48.0,20.0,6.7,14,Data Updated,8,"100.10411,0.29486 100.12686,0.23572 100.17388,0.15533 100.21498,0.07250 100.24819,-0.03197 100.24516,-0.07444 100.23834,-0.08961 100.22393,-0.10022"
SUM37,Sumatra,Sumatran Fault,Sianok,SS,90,94.0,20.0,7.3,14,Data Updated,12,"100.12383,0.00215 100.18905,-0.07141 100.25221,-0.16152 100.35512,-0.31635 100.45698,-0.46734 100.48783,-0.52413 100.51058,-0.53323 100.54318,-0.55067 100.55987,-0.56356 100.57807,-0.60299 100.59020,-0.63029 100.60233,-0.67655"
SUM38,Sumatra,Sumatran Fault,Sumani,SS,90,67.0,30.0,7.1,14,Data Updated,14,"100.44384,-0.50289 100.45977,-0.50896 100.47948,-0.52489 100.47948,-0.53550 100.47721,-0.54688 100.47873,-0.57494 100.49389,-0.60603 100.53939,-0.66518 100.58868,-0.71371 100.63039,-0.78120 100.63949,-0.80016 100.67513,-0.88509 100.72291,-0.95107 100.74945,-1.00718"
SUM39,Sumatra,Sumatran Fault,Suliti,SS,90,101.0,30.0,7.4,14,Data Updated,15,"100.68651,-0.98595 100.71608,-1.01856 100.74338,-1.04055 100.77447,-1.07316 100.78281,-1.10425 100.82149,-1.16264 100.86016,-1.19752 100.93600,-1.30293 100.99363,-1.39317 101.03155,-1.44019 101.11496,-1.56759 101.13923,-1.59868 101.19231,-1.67451 101.19989,-1.70712 101.19762,-1.73821"
SUM40,Sumatra,Sumatran Fault,Siulak,SS,90,92.0,30.0,7.3,14,Data Updated,9,"101.11884,-1.63400 101.15743,-1.68588 101.22568,-1.77764 101.29469,-1.88608 101.34246,-1.93462 101.40610,-2.01641 101.49386,-2.12811 101.58588,-2.23719 101.62759,-2.28663"
SUM41,Sumatra,Sumatran Fault,Dikit,SS,90,67.0,30.0,7.1,14,Data Updated,8,"101.50441,-2.29367 101.52927,-2.31957 101.57382,-2.38794 101.61940,-2.44491 101.74992,-2.58166 101.82037,-2.67178 101.86595,-2.72565 101.89940,-2.75250"
SUM42,Sumatra,Sumatran Fault,Ketaun,SS,90,103.0,30.0,7.3,13,Data Updated,12,"101.90238,-2.75408 101.93538,-2.77769 102.03459,-2.86661 102.07160,-2.90825 102.15023,-3.00663 102.19497,-3.05783 102.21399,-3.08045 102.24946,-3.11232 102.35680,-3.25316 102.45755,-3.33746 102.48771,-3.37653 102.57955,-3.44781"
SUM43,Sumatra,Sumatran Fault,Musi,SS,90,86.0,30.0,7.2,12,Data Updated,10,"102.30922,-3.25756 102.35308,-3.32091 102.42134,-3.40176 102.48955,-3.51586 102.57565,-3.62634 102.62276,-3.67507 102.69100,-3.73681 102.73811,-3.77417 102.78197,-3.82779 102.79497,-3.86028"
SUM44,Sumatra,Sumatran Fault,Manna,SS,90,82.0,30.0,7.3,12,Data Updated,8,"102.71374,-3.82779 102.77872,-3.89439 102.83205,-3.93713 102.94562,-4.05069 103.04566,-4.14803 103.13313,-4.24119 103.17779,-4.27554 103.24993,-4.33394"
SUM45,Sumatra,Sumatran Fault,Kumering North,SS,90,113.0,30.0,7.6,11,Data Updated,13,"103.24981,-4.33236 103.29517,-4.34422 103.34580,-4.36195 103.40852,-4.39130 103.43360,-4.40652 103.56475,-4.51219 103.74527,-4.66658 103.87837,-4.78554 103.99513,-4.88060 104.01119,-4.90136 104.02298,-4.91853 104.04092,-4.93359 104.05473,-4.94663"
SUM46,Sumatra,Sumatran Fault,Kumering South,SS,90,63.0,30.0,7.6,11,Data Updated,11,"104.00669,-4.92233 104.08258,-4.98456 104.16931,-5.05296 104.21695,-5.09486 104.23817,-5.12530 104.27075,-5.17765 104.28402,-5.20117 104.31460,-5.22373 104.32821,-5.23825 104.33486,-5.29179 104.35998,-5.34175"
SUM47,Sumatra,Sumatran Fault,Semangko Barat-A,SS,90,21.0,30.0,7.3,8,Data Updated,7,"104.27982,-5.16915 104.31275,-5.20291 104.34885,-5.23472 104.36981,-5.25537 104.38792,-5.27211 104.39900,-5.28446 104.40508,-5.30641"
SUM48,Sumatra,Sumatran Fault,Semangko Barat-B,SS,91,113.0,30.0,7.3,8,Data Updated,17,"104.35652,-5.27485 104.36171,-5.29605 104.38583,-5.31476 104.42180,-5.33576 104.45804,-5.36923 104.49744,-5.40076 104.53307,-5.43678 104.57832,-5.46862 104.62508,-5.49867 104.67753,-5.53655 104.74974,-5.59102 104.79906,-5.62168 104.88525,-5.67410 104.94546,-5.72462 105.01631,-5.78254 105.06502,-5.81575 105.16031,-5.88652"
SUM49,Sumatra,Sumatran Fault,Semangko Timur-A,SS,92,94.0,30.0,6.1,3,Data Updated,15,"104.25787,-5.20948 104.25275,-5.23452 104.26022,-5.25913 104.29165,-5.29161 104.36480,-5.36033 104.41879,-5.42275 104.46953,-5.48611 104.50165,-5.52651 104.54393,-5.57666 104.57570,-5.61310 104.60928,-5.64739 104.66645,-5.69291 104.70160,-5.72241 104.73550,-5.76797 104.79001,-5.85161"
SUM50,Sumatra,Sumatran Fault,Semangko Timur-B,SS,93,85.0,30.0,7.5,3,Data Updated,7,"104.66574,-5.75236 104.71881,-5.81862 104.76541,-5.90554 104.78913,-6.01455 104.82767,-6.27945 104.84002,-6.40718 104.83889,-6.48883"
SUM51,Sumatra,Sumatran Fault,Sunda Strait Graben,N,60,84.0,30.0,7.3,3,Data Updated,9,"105.07078,-6.60503 105.12250,-6.55313 105.17906,-6.48897 105.21887,-6.40258 105.24354,-6.29532 105.25289,-6.21604 105.23972,-6.08248 105.21418,-5.97665 105.17460,-5.91349"
SUM52,Sumatra,Sumatran Fault,Ujung Kulon A,SS,89,79.0,30.0,7.2,10,Data Updated,7,"104.90396,-6.28696 104.94298,-6.40881 104.97501,-6.51828 105.01845,-6.59602 105.06070,-6.64669 105.13034,-6.79423 105.21195,-6.93009"
SUM53,Sumatra,Sumatran Fault,Ujung Kulon B,SS,90,152.0,30.0,7.2,10,Data Updated,9,"105.22539,-7.00156 105.29583,-7.09607 105.42827,-7.25620 105.54819,-7.40855 105.59869,-7.47815 105.66573,-7.55075 105.76932,-7.63495 105.86735,-7.70631 106.18982,-7.97418"
SUM54,Sumatra,Toru Fold Thrust,Sibolga #1,R,45E,103.0,30.0,7.4,0.24,New,7,"98.05000,2.25000 98.18000,2.19000 98.30000,2.10000 98.42000,2.02000 98.54000,1.92000 98.65000,1.80000 98.77000,1.64000"
SUM55,Sumatra,Toru Fold Thrust,Pinangsori #2,R,45E,29.0,30.0,6.7,0.24,New,3,"98.74000,1.58000 98.82000,1.48000 98.89000,1.36000"
SUM56,Sumatra,Toru Fold Thrust,TFTB #3,R,45E,24.0,30.0,6.7,0.12,New,3,"99.01000,1.20000 99.03000,1.10000 99.06000,0.99000"
SUM57,Sumatra,Toru Fold Thrust,TFTB #4,R,45E,30.0,30.0,6.8,0.12,New,3,"99.10000,1.25000 99.14000,1.14000 99.19000,1.02000"
SUM58,Sumatra,Toru Fold Thrust,TFTB #5,R,45E,22.0,30.0,6.6,0.12,New,3,"99.04000,1.05000 99.10000,0.99000 99.17000,0.92000"
SUM59,Sumatra,Toru Fold Thrust,TFTB #6,R,45E,29.0,30.0,6.7,0.12,New,3,"99.16000,1.15000 99.23000,1.05000 99.33000,0.95000"
SUM60,Sumatra,Toru Fold Thrust,TFTB #7,R,45E,63.0,30.0,7.2,0.24,New,5,"98.98000,0.80000 99.13000,0.73000 99.28000,0.65000 99.43000,0.58000 99.52000,0.54000"
SUM61,Sumatra,Toru Fold Thrust,TFTB #8,R,45E,30.0,30.0,6.8,0.24,New,3,"99.50000,0.56000 99.59000,0.48000 99.68000,0.39000"
SUM62,Sumatra,Toru Fold Thrust,TFTB #9,R,45E,26.0,30.0,6.7,0.24,New,3,"99.65000,0.29000 99.75000,0.24000 99.85000,0.18000"
SUM63,Sumatra,Pidie Fault,Pidie Jaya,SS,90,23.0,30.0,6.5,1,Data Updated,3,"96.15166,5.39241 96.18139,5.28270 96.21113,5.18987"
SUM64,Sumatra,Pidie Fault,Panteraja,SS,90,23.0,30.0,6.5,1,New,3,"95.86279,5.22785 95.95625,5.25316 96.05820,5.27004"
SUM65,Sumatra,Bireun Fault,Bireun,SS,90,30.0,30.0,6.6,0.5,New,3,"96.64868,5.30380 96.71240,5.19831 96.77613,5.08017"
SUM66,Sumatra,Lhokseumawe Fault,Lhokseumawe A,SS,90,37.0,30.0,6.8,1,Data Updated,4,"97.07349,5.30380 97.13721,5.19831 97.19669,5.09283 97.24766,5.01688"
SUM67,Sumatra,Lhokseumawe Fault,Lhokseumawe B,SS,90,25.0,30.0,6.5,0.5,New,3,"96.98853,5.28270 97.00977,5.17722 97.03101,5.07173"
SUM68,Sumatra,Lhokseumawe Fault,Lhokseumawe C,SS,90,19.0,30.0,6.4,0.5,New,3,"96.86109,5.31646 96.88233,5.23207 96.90357,5.15190"
SUM69,Sumatra,Langsa Back-Arc Thrust,Langsa 1,R,45SW,28.0,30.0,6.7,0.1,New,4,"97.16702,4.95423 97.25548,4.92254 97.34395,4.87676 97.37933,4.84155"
SUM70,Sumatra,Langsa Back-Arc Thrust,Langsa 2,R,45SW,37.0,30.0,6.9,0.1,New,4,"97.37933,4.82394 97.50318,4.77113 97.60934,4.70070 97.69780,4.64789"
SUM71,Sumatra,Langsa Back-Arc Thrust,Langsa 3,R,45SW,22.0,30.0,6.5,0.1,New,3,"97.68011,4.63028 97.75088,4.57746 97.82165,4.50704"
SUM72,Sumatra,Langsa Back-Arc Thrust,Langsa 4,R,45SW,17.0,30.0,6.3,0.1,New,3,"97.85350,4.48944 97.88181,4.41901 97.92427,4.34859"
SUM73,Sumatra,Langsa Back-Arc Thrust,Langsa 5,R,45SW,18.0,30.0,6.4,0.1,New,3,"97.55626,4.82394 97.62703,4.78873 97.69780,4.74648"
SUM74,Sumatra,Langsa Back-Arc Thrust,Langsa 6,R,45SW,23.0,30.0,6.5,0.1,New,4,"97.73319,4.73592 97.80396,4.68310 97.87473,4.63732 97.91012,4.61268"
SUM75,Sumatra,Oreng Fault,Oreng Fault,SS,90,62.0,20.0,6.8,1,Data Updated,6,"97.53857,4.57746 97.54564,4.45423 97.55272,4.31338 97.55980,4.17254 97.56688,4.03169 97.57041,3.97887"
SUM76,Sumatra,Takengon Fault,Lot Tawar-A,SS,90,20.0,30.0,6.4,0.5,Data Updated,3,"96.68931,4.75352 96.76008,4.70070 96.83086,4.64789"
SUM77,Sumatra,Takengon Fault,Lot Tawar-B,SS,90,22.0,30.0,6.5,1,New,3,"96.86624,4.61972 96.97240,4.59507 97.06086,4.57042"
SUM78,Sumatra,Takengon Fault,Lot Tawar-C,SS,90,28.0,30.0,6.6,1,New,4,"97.16702,4.48944 97.23779,4.41901 97.30856,4.33099 97.34395,4.27817"
SUM79,Sumatra,Takengon Fault,Lot Tawar-D,SS,90,30.0,30.0,6.6,0.5,New,4,"97.25548,4.40141 97.32625,4.37324 97.39702,4.33803 97.50318,4.27817"
SUM80,Sumatra,Takengon Fault,Lot Tawar-E,SS,90,25.0,20.0,6.5,0.5,New,4,"97.29087,4.33099 97.32625,4.27817 97.36164,4.20775 97.39702,4.15493"
SUM81,Sumatra,Takengon Fault,Peusangan-A,SS,90,32.0,20.0,6.7,0.5,Data Updated,3,"96.79547,4.61268 96.93701,4.52465 97.04317,4.43662"
SUM82,Sumatra,Takengon Fault,Peusangan-B,SS,90,20.0,20.0,6.4,0.5,New,3,"96.61854,4.64789 96.69993,4.61972 96.77778,4.58803"
SUM83,Sumatra,Takengon Fault,Peusangan-C,SS,90,22.0,30.0,6.5,0.5,New,4,"97.20948,4.39789 97.28025,4.36620 97.35102,4.33451 97.39702,4.31338"
SUM84,Sumatra,Takengon Fault,Celala,SS,90,22.0,20.0,6.6,0.1,New,3,"96.56546,4.50352 96.65393,4.57746 96.71762,4.62324"
SUM85,Sumatra,Mentawai Fault,Mentawai,R,45W,609.0,20.0,8.7,5,Data Updated,110,"102.10780,-4.90689 102.08924,-4.88119 102.05784,-4.84693 102.02785,-4.81980 101.97646,-4.79553 101.94933,-4.77411 101.93077,-4.73271 101.91364,-4.69274 101.90079,-4.65704 101.88937,-4.62135 101.86653,-4.58138 101.83797,-4.54711 101.80799,-4.51570 101.76231,-4.46716 101.74517,-4.43290 101.66951,-4.34010 101.62953,-4.29156 101.59384,-4.23588 101.53959,-4.16164 101.52674,-4.13023 101.49676,-4.08026 101.47392,-4.04600 101.43965,-3.97319 101.38397,-3.91180 101.36541,-3.86611 101.33829,-3.82756 101.29831,-3.77760 101.24977,-3.71478 101.22693,-3.66909 101.16411,-3.60199 101.11271,-3.55202 101.10272,-3.51348 101.08844,-3.46636 101.06988,-3.43210 101.00849,-3.35500 100.97280,-3.31931 100.94853,-3.28505 100.92426,-3.23651 100.90998,-3.21081 100.89571,-3.18654 100.88857,-3.14942 100.87286,-3.11087 100.83146,-3.05091 100.79434,-3.03378 100.76436,-3.00379 100.73295,-2.97239 100.72296,-2.94669 100.70440,-2.91242 100.68013,-2.87816 100.64444,-2.84961 100.59018,-2.83390 100.55592,-2.82391 100.52166,-2.81962 100.47026,-2.78679 100.40459,-2.73539 100.36033,-2.68399 100.30893,-2.62118 100.25182,-2.54694 100.21328,-2.48698 100.18044,-2.42844 100.17045,-2.39275 100.15903,-2.33992 100.15617,-2.30138 100.15046,-2.27282 100.13618,-2.22857 100.10620,-2.19430 100.08193,-2.16147 100.04767,-2.11435 100.02911,-2.08294 100.00912,-2.05867 99.99056,-2.03440 99.97628,-2.00299 99.95630,-1.96159 99.92917,-1.92447 99.89205,-1.88592 99.84351,-1.87450 99.81496,-1.84738 99.79354,-1.82025 99.76356,-1.78313 99.73358,-1.76029 99.70788,-1.73887 99.67933,-1.70461 99.65791,-1.67177 99.62936,-1.63465 99.58938,-1.61181 99.54798,-1.59325 99.50801,-1.57326 99.46803,-1.54756 99.43377,-1.49046 99.40950,-1.44477 99.38094,-1.40051 99.35524,-1.35626 99.32098,-1.29772 99.29814,-1.25632 99.25816,-1.20064 99.23104,-1.15924 99.19820,-1.12640 99.15537,-1.08214 99.11254,-1.03931 99.09969,-1.00219 99.08113,-0.96222 99.05686,-0.93081 99.03116,-0.88084 98.99975,-0.84658 98.95692,-0.81517 98.92694,-0.77947 98.90695,-0.74664 98.88839,-0.71808 98.86555,-0.69810 98.85413,-0.68668"
SUM86,Sumatra,Mentawai Fault,Enggano,R,45W,303.0,30.0,8.0,5,Data Updated,55,"104.18679,-6.59897 104.17917,-6.56851 104.16014,-6.52854 104.13539,-6.49618 104.09351,-6.45430 104.01927,-6.38767 103.95646,-6.34580 103.90887,-6.31343 103.87079,-6.28678 103.81559,-6.26775 103.77371,-6.26775 103.72993,-6.26585 103.69947,-6.23920 103.67282,-6.20303 103.64617,-6.15734 103.62143,-6.11356 103.59097,-6.06407 103.55290,-6.01838 103.51863,-5.98412 103.48818,-5.96127 103.45011,-5.94033 103.42346,-5.92130 103.38348,-5.89084 103.34731,-5.86039 103.32447,-5.83564 103.29401,-5.81851 103.26356,-5.79376 103.24452,-5.76901 103.21787,-5.74046 103.18551,-5.71571 103.13792,-5.67384 103.09795,-5.62815 103.05416,-5.58627 102.98944,-5.52916 102.93995,-5.48538 102.90949,-5.45683 102.88855,-5.44350 102.86571,-5.42827 102.83716,-5.40162 102.80670,-5.36165 102.78386,-5.33881 102.75911,-5.31216 102.71342,-5.27218 102.64680,-5.22269 102.57066,-5.17129 102.50403,-5.13513 102.44312,-5.09705 102.39553,-5.05898 102.35746,-5.02853 102.30796,-4.99045 102.28131,-4.96571 102.22421,-4.93906 102.17281,-4.91812 102.12903,-4.90860 102.12332,-4.90860"
