Source_ID,Region,Main,Segment,Type,Status,Length_km,Width_km,Dip_raw,Mmax,Trace_version,Polygon_method_version,Base_r_km,Dip_deg_parsed,Dip_dir_parsed,Hproj_km,Updip_extent_km,Downdip_extent_km,Rule_mode,Dip_class,Area_km2,Overlap_pair_n,Overlap_area_sum_km2,Overlap_area_sum_frac_of_polygon,Trace_covered,Polygon_valid,Polygon_locked
BAN01,Bali-NT-Banda-Maluku,Flores Back-arc Thrust,Bali,R,Data Updated,153.0,30.0,45S,7.6,BAN_REGION_TRACE_V1,PUSGEN2024_POLYGON_METHOD_V1,5,45.0,S,21.2132,5.0,26.2132,DIP_AWARE_R_PLUS_WCOSDIP,NONVERTICAL_KNOWN_DIRECTION,4585.5079,3,1746.7464,0.3809,True,True,True
BAN02,Bali-NT-Banda-Maluku,Lombok Strait Strike-slip Fault,Lombok North,SS,No Update,157.0,20.0,90,7.6,BAN_REGION_TRACE_V1,PUSGEN2024_POLYGON_METHOD_V1,5,90.0,,0.0,5.0,5.0,VERTICAL_NEAR_VERTICAL_SYMMETRIC_R,VERTICAL_NEAR_VERTICAL,1630.2608,3,258.1113,0.1583,True,True,True
BAN03,Bali-NT-Banda-Maluku,Lombok Strait Strike-slip Fault,Lombok Central,SS,No Update,134.0,20.0,90,7.5,BAN_REGION_TRACE_V1,PUSGEN2024_POLYGON_METHOD_V1,5,90.0,,0.0,5.0,5.0,VERTICAL_NEAR_VERTICAL_SYMMETRIC_R,VERTICAL_NEAR_VERTICAL,1396.881,1,48.34,0.0346,True,True,True
BAN04,Bali-NT-Banda-Maluku,Flores Back-arc Thrust,Lombok Sumbawa,R,No Update,312.0,20.0,45S,7.9,BAN_REGION_TRACE_V1,PUSGEN2024_POLYGON_METHOD_V1,5,45.0,S,14.1421,5.0,19.1421,DIP_AWARE_R_PLUS_WCOSDIP,NONVERTICAL_KNOWN_DIRECTION,7658.5813,2,67.3969,0.0088,True,True,True
BAN05,Bali-NT-Banda-Maluku,Flores Back-arc Thrust,Lombok,R,New,101.0,30.0,45S,6.9,BAN_REGION_TRACE_V1,PUSGEN2024_POLYGON_METHOD_V1,5,45.0,S,21.2132,5.0,26.2132,DIP_AWARE_R_PLUS_WCOSDIP,NONVERTICAL_KNOWN_DIRECTION,3209.9538,2,287.3129,0.0895,True,True,True
BAN06,Bali-NT-Banda-Maluku,Sumbawa Strait Strike-slip Fault,Sumbawa North,SS,No Update,79.0,30.0,90,7.2,BAN_REGION_TRACE_V1,PUSGEN2024_POLYGON_METHOD_V1,5,90.0,,0.0,5.0,5.0,VERTICAL_NEAR_VERTICAL_SYMMETRIC_R,VERTICAL_NEAR_VERTICAL,862.8576,2,73.7834,0.0855,True,True,True
BAN07,Bali-NT-Banda-Maluku,Sumbawa Strait Strike-slip Fault,Sumbawa Central,SS,No Update,105.0,20.0,90,7.4,BAN_REGION_TRACE_V1,PUSGEN2024_POLYGON_METHOD_V1,5,90.0,,0.0,5.0,5.0,VERTICAL_NEAR_VERTICAL_SYMMETRIC_R,VERTICAL_NEAR_VERTICAL,1111.9341,2,53.3645,0.048,True,True,True
BAN08,Bali-NT-Banda-Maluku,Sumbawa Strait Strike-slip Fault,Sumbawa South 1,SS,No Update,48.0,30.0,90,6.9,BAN_REGION_TRACE_V1,PUSGEN2024_POLYGON_METHOD_V1,5,90.0,,0.0,5.0,5.0,VERTICAL_NEAR_VERTICAL_SYMMETRIC_R,VERTICAL_NEAR_VERTICAL,546.9825,2,58.0,0.106,True,True,True
BAN09,Bali-NT-Banda-Maluku,Sumbawa Strait Strike-slip Fault,Sumbawa South 2,SS,No Update,41.0,20.0,90,6.8,BAN_REGION_TRACE_V1,PUSGEN2024_POLYGON_METHOD_V1,5,90.0,,0.0,5.0,5.0,VERTICAL_NEAR_VERTICAL_SYMMETRIC_R,VERTICAL_NEAR_VERTICAL,478.2517,1,29.0418,0.0607,True,True,True
BAN10,Bali-NT-Banda-Maluku,Teluk Panas Fault,Teluk Panas Fault,SS,No Update,177.0,30.0,90,7.5,BAN_REGION_TRACE_V1,PUSGEN2024_POLYGON_METHOD_V1,5,90.0,,0.0,5.0,5.0,VERTICAL_NEAR_VERTICAL_SYMMETRIC_R,VERTICAL_NEAR_VERTICAL,1813.096,4,874.1151,0.4821,True,True,True
BAN11,Bali-NT-Banda-Maluku,Nusa Tenggara Oceanic Normal Fault,Nusa Tenggara Oceanic Normal Fault,N,No Update,569.0,20.0,60N,7.9,BAN_REGION_TRACE_V1,PUSGEN2024_POLYGON_METHOD_V1,5,60.0,N,10.0,5.0,15.0,DIP_AWARE_R_PLUS_WCOSDIP,NONVERTICAL_KNOWN_DIRECTION,11219.8808,0,0.0,0.0,True,True,True
BAN12,Bali-NT-Banda-Maluku,Sape Strike-slip,Sape Strike-slip,SS,No Update,55.0,18.0,90,7.0,BAN_REGION_TRACE_V1,PUSGEN2024_POLYGON_METHOD_V1,5,90.0,,0.0,5.0,5.0,VERTICAL_NEAR_VERTICAL_SYMMETRIC_R,VERTICAL_NEAR_VERTICAL,580.5087,3,484.602,0.8348,True,True,True
BAN13,Bali-NT-Banda-Maluku,Bondowatu Fault,Bondowatu Fault,N,No Update,45.0,25.0,60S,6.6,BAN_REGION_TRACE_V1,PUSGEN2024_POLYGON_METHOD_V1,5,60.0,S,12.5,5.0,17.5,DIP_AWARE_R_PLUS_WCOSDIP,NONVERTICAL_KNOWN_DIRECTION,1017.2173,1,785.9453,0.7726,True,True,True
BAN14,Bali-NT-Banda-Maluku,Waikabubak,Waikabubak,N,New,232.0,20.0,60S,7.4,BAN_REGION_TRACE_V1,PUSGEN2024_POLYGON_METHOD_V1,5,60.0,S,10.0,5.0,15.0,DIP_AWARE_R_PLUS_WCOSDIP,NONVERTICAL_KNOWN_DIRECTION,4618.7481,2,1114.275,0.2413,True,True,True
BAN15,Bali-NT-Banda-Maluku,Sumba Strike-slip,Sumba 1,SS,No Update,85.0,20.0,90,7.3,BAN_REGION_TRACE_V1,PUSGEN2024_POLYGON_METHOD_V1,5,90.0,,0.0,5.0,5.0,VERTICAL_NEAR_VERTICAL_SYMMETRIC_R,VERTICAL_NEAR_VERTICAL,904.298,1,66.6765,0.0737,True,True,True
BAN16,Bali-NT-Banda-Maluku,Sumba Strike-slip,Sumba 2,SS,No Update,42.0,20.0,90,6.9,BAN_REGION_TRACE_V1,PUSGEN2024_POLYGON_METHOD_V1,5,90.0,,0.0,5.0,5.0,VERTICAL_NEAR_VERTICAL_SYMMETRIC_R,VERTICAL_NEAR_VERTICAL,495.1594,2,125.2367,0.2529,True,True,True
BAN17,Bali-NT-Banda-Maluku,Sumba Strike-slip,Sumba 3,SS,No Update,26.0,20.0,90,6.6,BAN_REGION_TRACE_V1,PUSGEN2024_POLYGON_METHOD_V1,5,90.0,,0.0,5.0,5.0,VERTICAL_NEAR_VERTICAL_SYMMETRIC_R,VERTICAL_NEAR_VERTICAL,332.6133,2,92.9327,0.2794,True,True,True
BAN18,Bali-NT-Banda-Maluku,Sumba Strike-slip,Sumba 4,SS,No Update,32.0,20.0,90,6.7,BAN_REGION_TRACE_V1,PUSGEN2024_POLYGON_METHOD_V1,5,90.0,,0.0,5.0,5.0,VERTICAL_NEAR_VERTICAL_SYMMETRIC_R,VERTICAL_NEAR_VERTICAL,391.189,2,76.0788,0.1945,True,True,True
BAN19,Bali-NT-Banda-Maluku,Sumba Strike-slip,Sumba 5,SS,No Update,47.0,20.0,90,6.9,BAN_REGION_TRACE_V1,PUSGEN2024_POLYGON_METHOD_V1,5,90.0,,0.0,5.0,5.0,VERTICAL_NEAR_VERTICAL_SYMMETRIC_R,VERTICAL_NEAR_VERTICAL,540.3901,1,41.7063,0.0772,True,True,True
BAN20,Bali-NT-Banda-Maluku,Sumba Ridge Thrust,Sumba Ridge Thrust,R,No Update,186.0,20.0,45NW,7.7,BAN_REGION_TRACE_V1,PUSGEN2024_POLYGON_METHOD_V1,5,45.0,NW,14.1421,5.0,19.1421,DIP_AWARE_R_PLUS_WCOSDIP,NONVERTICAL_KNOWN_DIRECTION,4210.5842,1,328.3297,0.078,True,True,True
BAN21,Bali-NT-Banda-Maluku,Savu Thrust,Savu Thrust,N,No Update,115.0,20.0,45SW,7.0,BAN_REGION_TRACE_V1,PUSGEN2024_POLYGON_METHOD_V1,5,45.0,SW,14.1421,5.0,19.1421,DIP_AWARE_R_PLUS_WCOSDIP,NONVERTICAL_KNOWN_DIRECTION,2611.4337,0,0.0,0.0,True,True,True
BAN22,Bali-NT-Banda-Maluku,Savu Ridge Thrust,Savu Ridge Thrust,N,No Update,111.0,20.0,45NW,7.0,BAN_REGION_TRACE_V1,PUSGEN2024_POLYGON_METHOD_V1,5,45.0,NW,14.1421,5.0,19.1421,DIP_AWARE_R_PLUS_WCOSDIP,NONVERTICAL_KNOWN_DIRECTION,2573.5471,1,1044.5249,0.4059,True,True,True
BAN23,Bali-NT-Banda-Maluku,Flores Back-arc Thrust,Nusa Tenggara Barat,R,No Update,219.0,20.0,45S,7.8,BAN_REGION_TRACE_V1,PUSGEN2024_POLYGON_METHOD_V1,5,45.0,S,14.1421,5.0,19.1421,DIP_AWARE_R_PLUS_WCOSDIP,NONVERTICAL_KNOWN_DIRECTION,5260.2806,0,0.0,0.0,True,True,True
BAN24,Bali-NT-Banda-Maluku,Flores Back-arc Thrust,Nusa Tenggara Tengah,R,No Update,174.0,20.0,45S,7.7,BAN_REGION_TRACE_V1,PUSGEN2024_POLYGON_METHOD_V1,5,45.0,S,14.1421,5.0,19.1421,DIP_AWARE_R_PLUS_WCOSDIP,NONVERTICAL_KNOWN_DIRECTION,3993.4065,0,0.0,0.0,True,True,True
BAN25,Bali-NT-Banda-Maluku,Flores Back-arc Thrust,Nusa Tenggara Timur,R,No Update,238.0,20.0,45S,7.8,BAN_REGION_TRACE_V1,PUSGEN2024_POLYGON_METHOD_V1,5,45.0,S,14.1421,5.0,19.1421,DIP_AWARE_R_PLUS_WCOSDIP,NONVERTICAL_KNOWN_DIRECTION,5321.469,2,503.3778,0.0946,True,True,True
BAN26,Bali-NT-Banda-Maluku,Flores Back-arc Thrust,Wetar,R,No Update,218.0,20.0,45S,7.8,BAN_REGION_TRACE_V1,PUSGEN2024_POLYGON_METHOD_V1,5,45.0,S,14.1421,5.0,19.1421,DIP_AWARE_R_PLUS_WCOSDIP,NONVERTICAL_KNOWN_DIRECTION,5126.3666,2,470.5193,0.0918,True,True,True
BAN27,Bali-NT-Banda-Maluku,Semau Fault,Semau South,SS,No Update,230.0,20.0,90,7.8,BAN_REGION_TRACE_V1,PUSGEN2024_POLYGON_METHOD_V1,5,90.0,,0.0,5.0,5.0,VERTICAL_NEAR_VERTICAL_SYMMETRIC_R,VERTICAL_NEAR_VERTICAL,2338.9537,0,0.0,0.0,True,True,True
BAN28,Bali-NT-Banda-Maluku,Semau Fault,Semau North,SS,No Update,360.0,20.0,90,8.1,BAN_REGION_TRACE_V1,PUSGEN2024_POLYGON_METHOD_V1,5,90.0,,0.0,5.0,5.0,VERTICAL_NEAR_VERTICAL_SYMMETRIC_R,VERTICAL_NEAR_VERTICAL,3632.579,2,138.7927,0.0382,True,True,True
BAN29,Bali-NT-Banda-Maluku,Kalatoa,Kalatoa,SS-RL,New,204.0,20.0,90,7.8,BAN_REGION_TRACE_V1,PUSGEN2024_POLYGON_METHOD_V1,5,90.0,,0.0,5.0,5.0,VERTICAL_NEAR_VERTICAL_SYMMETRIC_R,VERTICAL_NEAR_VERTICAL,2221.3477,2,1045.4142,0.4706,True,True,True
BAN30,Bali-NT-Banda-Maluku,Timor FTB,Timor FTB South,R,No Update,256.0,20.0,45N,7.9,BAN_REGION_TRACE_V1,PUSGEN2024_POLYGON_METHOD_V1,5,45.0,N,14.1421,5.0,19.1421,DIP_AWARE_R_PLUS_WCOSDIP,NONVERTICAL_KNOWN_DIRECTION,6283.2452,1,78.4062,0.0125,True,True,True
BAN31,Bali-NT-Banda-Maluku,Timor FTB,Timor FTB Central,R,No Update,349.0,20.0,45N,8.0,BAN_REGION_TRACE_V1,PUSGEN2024_POLYGON_METHOD_V1,5,45.0,N,14.1421,5.0,19.1421,DIP_AWARE_R_PLUS_WCOSDIP,NONVERTICAL_KNOWN_DIRECTION,8653.8642,2,156.8085,0.0181,True,True,True
BAN32,Bali-NT-Banda-Maluku,Timor FTB,Timor FTB North,R,No Update,393.0,20.0,45N,8.0,BAN_REGION_TRACE_V1,PUSGEN2024_POLYGON_METHOD_V1,5,45.0,N,14.1421,5.0,19.1421,DIP_AWARE_R_PLUS_WCOSDIP,NONVERTICAL_KNOWN_DIRECTION,9678.9837,2,134.4809,0.0139,True,True,True
BAN33,Bali-NT-Banda-Maluku,Tanimbar FTB,Tanimbar FTB North,R,Data Updated,189.0,20.0,,7.8,BAN_REGION_TRACE_V1,PUSGEN2024_POLYGON_METHOD_V1,5,,,,5.0,5.0,INVALID_OR_MISSING_DIP_SYMMETRIC_R,INVALID_OR_MISSING,2075.5645,1,78.4083,0.0378,True,True,True
BAN34,Bali-NT-Banda-Maluku,Tanimbar FTB,Tanimbar FTB South,R,Data Updated,291.0,20.0,,8.0,BAN_REGION_TRACE_V1,PUSGEN2024_POLYGON_METHOD_V1,5,,,,5.0,5.0,INVALID_OR_MISSING_DIP_SYMMETRIC_R,INVALID_OR_MISSING,3154.4311,1,78.4083,0.0249,True,True,True
BAN35,Bali-NT-Banda-Maluku,Leti Thrust,Leti Thrust,R,Data Updated,100.0,20.0,45N,7.3,BAN_REGION_TRACE_V1,PUSGEN2024_POLYGON_METHOD_V1,5,45.0,N,14.1421,5.0,19.1421,DIP_AWARE_R_PLUS_WCOSDIP,NONVERTICAL_KNOWN_DIRECTION,2447.8202,1,258.7718,0.1057,True,True,True
BAN36,Bali-NT-Banda-Maluku,Tanimbar Fault,Tanimbar 1,SS,No Update,125.0,20.0,90,7.5,BAN_REGION_TRACE_V1,PUSGEN2024_POLYGON_METHOD_V1,5,90.0,,0.0,5.0,5.0,VERTICAL_NEAR_VERTICAL_SYMMETRIC_R,VERTICAL_NEAR_VERTICAL,1320.3328,1,313.8574,0.2377,True,True,True
BAN37,Bali-NT-Banda-Maluku,Tanimbar Fault,Tanimbar 2,SS,No Update,89.0,20.0,90,7.3,BAN_REGION_TRACE_V1,PUSGEN2024_POLYGON_METHOD_V1,5,90.0,,0.0,5.0,5.0,VERTICAL_NEAR_VERTICAL_SYMMETRIC_R,VERTICAL_NEAR_VERTICAL,966.14,0,0.0,0.0,True,True,True
BAN38,Bali-NT-Banda-Maluku,Tanimbar Fault,Tanimbar 3,SS,No Update,110.0,20.0,90,7.4,BAN_REGION_TRACE_V1,PUSGEN2024_POLYGON_METHOD_V1,5,90.0,,0.0,5.0,5.0,VERTICAL_NEAR_VERTICAL_SYMMETRIC_R,VERTICAL_NEAR_VERTICAL,1172.641,0,0.0,0.0,True,True,True
BAN39,Bali-NT-Banda-Maluku,Tanimbar Fault,Tanimbar 4,SS,No Update,132.0,20.0,90,7.6,BAN_REGION_TRACE_V1,PUSGEN2024_POLYGON_METHOD_V1,5,90.0,,0.0,5.0,5.0,VERTICAL_NEAR_VERTICAL_SYMMETRIC_R,VERTICAL_NEAR_VERTICAL,1388.8992,1,56.0786,0.0404,True,True,True
BAN40,Bali-NT-Banda-Maluku,Tanimbar Fault,Tanimbar 5,SS,No Update,101.0,20.0,90,7.4,BAN_REGION_TRACE_V1,PUSGEN2024_POLYGON_METHOD_V1,5,90.0,,0.0,5.0,5.0,VERTICAL_NEAR_VERTICAL_SYMMETRIC_R,VERTICAL_NEAR_VERTICAL,1081.7304,0,0.0,0.0,True,True,True
BAN41,Bali-NT-Banda-Maluku,Banda Detachment,Banda South,N,New,376.0,30.0,10W,7.6,BAN_REGION_TRACE_V1,PUSGEN2024_POLYGON_METHOD_V1,5,10.0,W,29.5442,5.0,34.5442,DIP_AWARE_R_PLUS_WCOSDIP,NONVERTICAL_KNOWN_DIRECTION,14984.2469,2,337.1781,0.0225,True,True,True
BAN42,Bali-NT-Banda-Maluku,Banda Detachment,Banda North,N,New,189.0,30.0,10W,7.3,BAN_REGION_TRACE_V1,PUSGEN2024_POLYGON_METHOD_V1,5,10.0,W,29.5442,5.0,34.5442,DIP_AWARE_R_PLUS_WCOSDIP,NONVERTICAL_KNOWN_DIRECTION,7081.619,1,78.4063,0.0111,True,True,True
BAN43,Bali-NT-Banda-Maluku,Seram FTB,West Kai,R,Data Updated,250.0,30.0,45W,7.9,BAN_REGION_TRACE_V1,PUSGEN2024_POLYGON_METHOD_V1,5,45.0,W,21.2132,5.0,26.2132,DIP_AWARE_R_PLUS_WCOSDIP,NONVERTICAL_KNOWN_DIRECTION,7966.1532,2,392.2681,0.0492,True,True,True
BAN44,Bali-NT-Banda-Maluku,Seram FTB,West Kumawa,R,Data Updated,102.0,30.0,45SW,7.3,BAN_REGION_TRACE_V1,PUSGEN2024_POLYGON_METHOD_V1,5,45.0,SW,21.2132,5.0,26.2132,DIP_AWARE_R_PLUS_WCOSDIP,NONVERTICAL_KNOWN_DIRECTION,3134.1046,3,535.0049,0.1707,True,True,True
BAN45,Bali-NT-Banda-Maluku,Seram FTB,South Onin,R,Data Updated,75.0,20.0,45SW,7.2,BAN_REGION_TRACE_V1,PUSGEN2024_POLYGON_METHOD_V1,5,45.0,SW,14.1421,5.0,19.1421,DIP_AWARE_R_PLUS_WCOSDIP,NONVERTICAL_KNOWN_DIRECTION,1900.5612,3,302.3069,0.1591,True,True,True
BAN46,Bali-NT-Banda-Maluku,Seram FTB,West Onin,R,Data Updated,152.0,20.0,45SW,7.4,BAN_REGION_TRACE_V1,PUSGEN2024_POLYGON_METHOD_V1,5,45.0,SW,14.1421,5.0,19.1421,DIP_AWARE_R_PLUS_WCOSDIP,NONVERTICAL_KNOWN_DIRECTION,3745.7522,4,256.0493,0.0684,True,True,True
BAN47,Bali-NT-Banda-Maluku,Seram FTB,South Misool-2,R,Data Updated,79.0,20.0,45S,7.2,BAN_REGION_TRACE_V1,PUSGEN2024_POLYGON_METHOD_V1,5,45.0,S,14.1421,5.0,19.1421,DIP_AWARE_R_PLUS_WCOSDIP,NONVERTICAL_KNOWN_DIRECTION,1975.2984,3,364.3056,0.1844,True,True,True
BAN48,Bali-NT-Banda-Maluku,Seram FTB,South Misool-1,R,Data Updated,215.0,20.0,45S,7.8,BAN_REGION_TRACE_V1,PUSGEN2024_POLYGON_METHOD_V1,5,45.0,S,14.1421,5.0,19.1421,DIP_AWARE_R_PLUS_WCOSDIP,NONVERTICAL_KNOWN_DIRECTION,5330.69,4,762.4338,0.143,True,True,True
BAN49,Bali-NT-Banda-Maluku,Seram Strike Slip,East Gorom,SS,No Update,153.0,20.0,90,7.6,BAN_REGION_TRACE_V1,PUSGEN2024_POLYGON_METHOD_V1,5,90.0,,0.0,5.0,5.0,VERTICAL_NEAR_VERTICAL_SYMMETRIC_R,VERTICAL_NEAR_VERTICAL,1571.8127,2,523.6624,0.3332,True,True,True
BAN50,Bali-NT-Banda-Maluku,Seram Strike Slip,West Gorom,SS,No Update,35.0,20.0,90,6.7,BAN_REGION_TRACE_V1,PUSGEN2024_POLYGON_METHOD_V1,5,90.0,,0.0,5.0,5.0,VERTICAL_NEAR_VERTICAL_SYMMETRIC_R,VERTICAL_NEAR_VERTICAL,428.1972,0,0.0,0.0,True,True,True
BAN51,Bali-NT-Banda-Maluku,Seram Strike Slip,East Bula,SS,No Update,51.0,20.0,90,7.0,BAN_REGION_TRACE_V1,PUSGEN2024_POLYGON_METHOD_V1,5,90.0,,0.0,5.0,5.0,VERTICAL_NEAR_VERTICAL_SYMMETRIC_R,VERTICAL_NEAR_VERTICAL,587.335,1,94.3073,0.1606,True,True,True
BAN52,Bali-NT-Banda-Maluku,Seram Strike Slip,North Hote,SS,No Update,84.0,20.0,90,7.3,BAN_REGION_TRACE_V1,PUSGEN2024_POLYGON_METHOD_V1,5,90.0,,0.0,5.0,5.0,VERTICAL_NEAR_VERTICAL_SYMMETRIC_R,VERTICAL_NEAR_VERTICAL,918.4774,3,278.2509,0.3029,True,True,True
BAN53,Bali-NT-Banda-Maluku,Seram Strike Slip,North Kobi,SS,No Update,30.0,20.0,90,6.6,BAN_REGION_TRACE_V1,PUSGEN2024_POLYGON_METHOD_V1,5,90.0,,0.0,5.0,5.0,VERTICAL_NEAR_VERTICAL_SYMMETRIC_R,VERTICAL_NEAR_VERTICAL,380.9551,2,66.1887,0.1737,True,True,True
BAN54,Bali-NT-Banda-Maluku,Seram Strike Slip,North Wahai,SS,No Update,100.0,20.0,90,7.4,BAN_REGION_TRACE_V1,PUSGEN2024_POLYGON_METHOD_V1,5,90.0,,0.0,5.0,5.0,VERTICAL_NEAR_VERTICAL_SYMMETRIC_R,VERTICAL_NEAR_VERTICAL,1074.8718,2,102.2813,0.0952,True,True,True
BAN55,Bali-NT-Banda-Maluku,Seram Strike Slip,North Bula-2,SS,New,129.0,20.0,90,7.5,BAN_REGION_TRACE_V1,PUSGEN2024_POLYGON_METHOD_V1,5,90.0,,0.0,5.0,5.0,VERTICAL_NEAR_VERTICAL_SYMMETRIC_R,VERTICAL_NEAR_VERTICAL,1473.2951,3,654.5105,0.4442,True,True,True
BAN56,Bali-NT-Banda-Maluku,Seram Strike Slip,North Bula-1,SS,New,112.0,20.0,90,7.4,BAN_REGION_TRACE_V1,PUSGEN2024_POLYGON_METHOD_V1,5,90.0,,0.0,5.0,5.0,VERTICAL_NEAR_VERTICAL_SYMMETRIC_R,VERTICAL_NEAR_VERTICAL,1177.3285,2,574.4385,0.4879,True,True,True
BAN57,Bali-NT-Banda-Maluku,Gorong Fault,Gorong East,SS-LL,Data Updated,72.0,20.0,90,7.2,BAN_REGION_TRACE_V1,PUSGEN2024_POLYGON_METHOD_V1,5,90.0,,0.0,5.0,5.0,VERTICAL_NEAR_VERTICAL_SYMMETRIC_R,VERTICAL_NEAR_VERTICAL,801.5226,1,149.8608,0.187,True,True,True
BAN58,Bali-NT-Banda-Maluku,Gorong Fault,Gorong West,SS-LL,Data Updated,92.0,20.0,90,7.3,BAN_REGION_TRACE_V1,PUSGEN2024_POLYGON_METHOD_V1,5,90.0,,0.0,5.0,5.0,VERTICAL_NEAR_VERTICAL_SYMMETRIC_R,VERTICAL_NEAR_VERTICAL,987.7046,1,149.8608,0.1517,True,True,True
BAN59,Bali-NT-Banda-Maluku,Amahai,Amahai,N,New,16.0,20.0,60N,6.1,BAN_REGION_TRACE_V1,PUSGEN2024_POLYGON_METHOD_V1,5,60.0,N,10.0,5.0,15.0,DIP_AWARE_R_PLUS_WCOSDIP,NONVERTICAL_KNOWN_DIRECTION,398.9299,0,0.0,0.0,True,True,True
BAN60,Bali-NT-Banda-Maluku,Bobot Fault,Bobot Fault,SS-LL,Data Updated,92.0,20.0,90,7.3,BAN_REGION_TRACE_V1,PUSGEN2024_POLYGON_METHOD_V1,5,90.0,,0.0,5.0,5.0,VERTICAL_NEAR_VERTICAL_SYMMETRIC_R,VERTICAL_NEAR_VERTICAL,1006.268,0,0.0,0.0,True,True,True
BAN61,Bali-NT-Banda-Maluku,Kawa Fault,Mala-Alau,SS-LL,Data Updated,65.0,20.0,90,7.1,BAN_REGION_TRACE_V1,PUSGEN2024_POLYGON_METHOD_V1,5,90.0,,0.0,5.0,5.0,VERTICAL_NEAR_VERTICAL_SYMMETRIC_R,VERTICAL_NEAR_VERTICAL,733.9823,1,78.4133,0.1068,True,True,True
BAN62,Bali-NT-Banda-Maluku,Kawa Fault,Teluti,SS-LL,Data Updated,74.0,20.0,90,7.2,BAN_REGION_TRACE_V1,PUSGEN2024_POLYGON_METHOD_V1,5,90.0,,0.0,5.0,5.0,VERTICAL_NEAR_VERTICAL_SYMMETRIC_R,VERTICAL_NEAR_VERTICAL,824.8247,1,78.4133,0.0951,True,True,True
BAN63,Bali-NT-Banda-Maluku,Ambon,Ambon,N,New,33.0,20.0,60SE,6.5,BAN_REGION_TRACE_V1,PUSGEN2024_POLYGON_METHOD_V1,5,60.0,SE,10.0,5.0,15.0,DIP_AWARE_R_PLUS_WCOSDIP,NONVERTICAL_KNOWN_DIRECTION,650.904,2,462.3268,0.7103,True,True,True
BAN64,Bali-NT-Banda-Maluku,Haruku,Haruku,N,New,14.0,20.0,60N,6.0,BAN_REGION_TRACE_V1,PUSGEN2024_POLYGON_METHOD_V1,5,60.0,N,10.0,5.0,15.0,DIP_AWARE_R_PLUS_WCOSDIP,NONVERTICAL_KNOWN_DIRECTION,345.2622,0,0.0,0.0,True,True,True
BAN65,Bali-NT-Banda-Maluku,North Buru Fault,North Buru Fault,SS-LL,Data Updated,169.0,20.0,90,7.7,BAN_REGION_TRACE_V1,PUSGEN2024_POLYGON_METHOD_V1,5,90.0,,0.0,5.0,5.0,VERTICAL_NEAR_VERTICAL_SYMMETRIC_R,VERTICAL_NEAR_VERTICAL,1739.3579,2,15.65,0.009,True,True,True
BAN66,Bali-NT-Banda-Maluku,South Buru Fault,South Buru Fault - 1,R,Data Updated,152.0,20.0,45N,7.6,BAN_REGION_TRACE_V1,PUSGEN2024_POLYGON_METHOD_V1,5,45.0,N,14.1421,5.0,19.1421,DIP_AWARE_R_PLUS_WCOSDIP,NONVERTICAL_KNOWN_DIRECTION,3698.0746,1,127.307,0.0344,True,True,True
BAN67,Bali-NT-Banda-Maluku,South Buru Fault,South Buru Fault - 2,R,Data Updated,91.0,20.0,45N,7.3,BAN_REGION_TRACE_V1,PUSGEN2024_POLYGON_METHOD_V1,5,45.0,N,14.1421,5.0,19.1421,DIP_AWARE_R_PLUS_WCOSDIP,NONVERTICAL_KNOWN_DIRECTION,2271.0287,0,0.0,0.0,True,True,True
BAN68,Bali-NT-Banda-Maluku,Manipa Fault,Manipa Fault,SS,No Update,100.0,20.0,90,7.4,BAN_REGION_TRACE_V1,PUSGEN2024_POLYGON_METHOD_V1,5,90.0,,0.0,5.0,5.0,VERTICAL_NEAR_VERTICAL_SYMMETRIC_R,VERTICAL_NEAR_VERTICAL,1078.5958,1,127.307,0.118,True,True,True
JAV01,Java,Cimandiri,Citatah,R,Data Updated,16.0,20.0,45W,6.3,JAVA_TRACE_V1,PUSGEN2024_POLYGON_METHOD_V1,5,45.0,W,14.1421,5.0,19.1421,DIP_AWARE_R_PLUS_WCOSDIP,NONVERTICAL_KNOWN_DIRECTION,441.1451,6,1011.2235,2.2923,True,True,True
JAV02,Java,Cimandiri,Cisokan,R,New,35.0,20.0,45S,6.8,JAVA_TRACE_V1,PUSGEN2024_POLYGON_METHOD_V1,5,45.0,S,14.1421,5.0,19.1421,DIP_AWARE_R_PLUS_WCOSDIP,NONVERTICAL_KNOWN_DIRECTION,934.6785,7,506.3467,0.5417,True,True,True
JAV03,Java,Cimandiri,Cimandiri,R,Data Updated,25.0,20.0,45S,6.6,JAVA_TRACE_V1,PUSGEN2024_POLYGON_METHOD_V1,5,45.0,S,14.1421,5.0,19.1421,DIP_AWARE_R_PLUS_WCOSDIP,NONVERTICAL_KNOWN_DIRECTION,697.7665,1,38.6875,0.0554,True,True,True
JAV04,Java,Cimandiri,Nyalindung-Cibeber,R,Data Updated,32.0,20.0,45S,6.5,JAVA_TRACE_V1,PUSGEN2024_POLYGON_METHOD_V1,5,45.0,S,14.1421,5.0,19.1421,DIP_AWARE_R_PLUS_WCOSDIP,NONVERTICAL_KNOWN_DIRECTION,863.3094,2,70.8937,0.0821,True,True,True
JAV05,Java,Lembang Fault,Lembang,SS-LL,Data Updated,30.0,25.0,90,6.6,JAVA_TRACE_V1,PUSGEN2024_POLYGON_METHOD_V1,5,90.0,,0.0,5.0,5.0,VERTICAL_NEAR_VERTICAL_SYMMETRIC_R,VERTICAL_NEAR_VERTICAL,378.5385,4,345.5586,0.9129,True,True,True
JAV06,Java,Cileunyi-Tanjungsari Fault,Cileunyi-Tanjungsari,SS,New,35.0,25.0,90,6.5,JAVA_TRACE_V1,PUSGEN2024_POLYGON_METHOD_V1,5,90.0,,0.0,5.0,5.0,VERTICAL_NEAR_VERTICAL_SYMMETRIC_R,VERTICAL_NEAR_VERTICAL,428.5207,3,58.9456,0.1376,True,True,True
JAV07,Java,Cicalengka Fault,Cicalengka,SS,New,34.0,25.0,90,6.5,JAVA_TRACE_V1,PUSGEN2024_POLYGON_METHOD_V1,5,90.0,,0.0,5.0,5.0,VERTICAL_NEAR_VERTICAL_SYMMETRIC_R,VERTICAL_NEAR_VERTICAL,418.5238,2,67.8095,0.162,True,True,True
JAV08,Java,Cianjur Fault,Cianjur 1,SS,New,9.0,30.0,90,5.6,JAVA_TRACE_V1,PUSGEN2024_POLYGON_METHOD_V1,5,90.0,,0.0,5.0,5.0,VERTICAL_NEAR_VERTICAL_SYMMETRIC_R,VERTICAL_NEAR_VERTICAL,168.8229,3,119.192,0.706,True,True,True
JAV09,Java,Cianjur Fault,Cianjur 2,SS,New,5.0,30.0,90,5.6,JAVA_TRACE_V1,PUSGEN2024_POLYGON_METHOD_V1,5,90.0,,0.0,5.0,5.0,VERTICAL_NEAR_VERTICAL_SYMMETRIC_R,VERTICAL_NEAR_VERTICAL,129.1316,3,33.6242,0.2604,True,True,True
JAV10,Java,Cipamingkis Fault,Cipamingkis,SS,New,28.0,25.0,90,6.1,JAVA_TRACE_V1,PUSGEN2024_POLYGON_METHOD_V1,5,90.0,,0.0,5.0,5.0,VERTICAL_NEAR_VERTICAL_SYMMETRIC_R,VERTICAL_NEAR_VERTICAL,358.5474,1,191.2571,0.5334,True,True,True
JAV11,Java,Garsela Fault,Kendang,SS-LL,Data Updated,21.0,30.0,90,6.3,JAVA_TRACE_V1,PUSGEN2024_POLYGON_METHOD_V1,5,90.0,,0.0,5.0,5.0,VERTICAL_NEAR_VERTICAL_SYMMETRIC_R,VERTICAL_NEAR_VERTICAL,288.5917,3,190.6539,0.6606,True,True,True
JAV12,Java,Garsela Fault,Kencana,SS-LL,No Update,18.0,30.0,90,5.8,JAVA_TRACE_V1,PUSGEN2024_POLYGON_METHOD_V1,5,90.0,,0.0,5.0,5.0,VERTICAL_NEAR_VERTICAL_SYMMETRIC_R,VERTICAL_NEAR_VERTICAL,258.6211,3,248.1853,0.9596,True,True,True
JAV13,Java,Tampomas,Tampomas,N,Data Updated,8.0,30.0,60,5.6,JAVA_TRACE_V1,PUSGEN2024_POLYGON_METHOD_V1,5,60.0,,15.0,12.5,12.5,NONVERTICAL_MISSING_DIPDIR_SYMMETRIC_R_PLUS_H2,NONVERTICAL_MISSING_DIRECTION,279.5274,4,201.0457,0.7192,True,True,True
JAV14,Java,Karangmanggu Fault,Karangmanggu,SS,Data Updated,20.0,20.0,90,6.1,JAVA_TRACE_V1,PUSGEN2024_POLYGON_METHOD_V1,5,90.0,,0.0,5.0,5.0,VERTICAL_NEAR_VERTICAL_SYMMETRIC_R,VERTICAL_NEAR_VERTICAL,278.6005,2,147.7977,0.5305,True,True,True
JAV15,Java,Ciremai Fault,Ciremai,SS,No Update,20.0,30.0,90,6.6,JAVA_TRACE_V1,PUSGEN2024_POLYGON_METHOD_V1,5,90.0,,0.0,5.0,5.0,VERTICAL_NEAR_VERTICAL_SYMMETRIC_R,VERTICAL_NEAR_VERTICAL,278.6005,1,244.0865,0.8761,True,True,True
JAV16,Java,Java Back-arc Thrust,Depok Blind Thrust,R,New,43.0,20.0,57SW,6.9,JAVA_TRACE_V1,PUSGEN2024_POLYGON_METHOD_V1,5,57.0,SW,10.8928,5.0,15.8928,DIP_AWARE_R_PLUS_WCOSDIP,NONVERTICAL_KNOWN_DIRECTION,976.8033,3,327.9666,0.3358,True,True,True
JAV17,Java,Java Back-arc Thrust,Rarata,R,New,15.0,20.0,57SW,6.7,JAVA_TRACE_V1,PUSGEN2024_POLYGON_METHOD_V1,5,57.0,SW,10.8928,5.0,15.8928,DIP_AWARE_R_PLUS_WCOSDIP,NONVERTICAL_KNOWN_DIRECTION,391.8054,6,638.8577,1.6305,True,True,True
JAV18,Java,Java Back-arc Thrust,Salak,R,New,20.0,20.0,57SW,65.0,JAVA_TRACE_V1,PUSGEN2024_POLYGON_METHOD_V1,5,57.0,SW,10.8928,5.0,15.8928,DIP_AWARE_R_PLUS_WCOSDIP,NONVERTICAL_KNOWN_DIRECTION,496.2693,3,144.2259,0.2906,True,True,True
JAV19,Java,Java Back-arc Thrust,Citarum Front,R,New,76.0,20.0,43SW,6.9,JAVA_TRACE_V1,PUSGEN2024_POLYGON_METHOD_V1,5,43.0,SW,14.6271,5.0,19.6271,DIP_AWARE_R_PLUS_WCOSDIP,NONVERTICAL_KNOWN_DIRECTION,1950.0713,9,2887.7229,1.4808,True,True,True
JAV20,Java,Java Back-arc Thrust,Citarum,R,New,41.0,20.0,50S,6.7,JAVA_TRACE_V1,PUSGEN2024_POLYGON_METHOD_V1,5,50.0,S,12.8558,5.0,17.8558,DIP_AWARE_R_PLUS_WCOSDIP,NONVERTICAL_KNOWN_DIRECTION,1015.4996,6,2311.5161,2.2762,True,True,True
JAV21,Java,Java Back-arc Thrust,Cariu,R,New,18.0,20.0,57SW,6.5,JAVA_TRACE_V1,PUSGEN2024_POLYGON_METHOD_V1,5,57.0,SW,10.8928,5.0,15.8928,DIP_AWARE_R_PLUS_WCOSDIP,NONVERTICAL_KNOWN_DIRECTION,454.4838,4,662.7342,1.4582,True,True,True
JAV22,Java,Java Back-arc Thrust,Klapanunggal,R,New,13.0,20.0,57SW,6.7,JAVA_TRACE_V1,PUSGEN2024_POLYGON_METHOD_V1,5,57.0,SW,10.8928,5.0,15.8928,DIP_AWARE_R_PLUS_WCOSDIP,NONVERTICAL_KNOWN_DIRECTION,350.0199,5,541.9956,1.5485,True,True,True
JAV23,Java,Java Back-arc Thrust,Cirata,R,New,63.0,20.0,57SW,6.8,JAVA_TRACE_V1,PUSGEN2024_POLYGON_METHOD_V1,5,57.0,SW,10.8928,5.0,15.8928,DIP_AWARE_R_PLUS_WCOSDIP,NONVERTICAL_KNOWN_DIRECTION,1394.6589,10,2714.7029,1.9465,True,True,True
JAV24,Java,Java Back-arc Thrust,Tangkuban Prahu,R,New,48.0,20.0,45S,6.6,JAVA_TRACE_V1,PUSGEN2024_POLYGON_METHOD_V1,5,45.0,S,14.1421,5.0,19.1421,DIP_AWARE_R_PLUS_WCOSDIP,NONVERTICAL_KNOWN_DIRECTION,1237.2362,8,2310.6212,1.8676,True,True,True
JAV25,Java,Java Back-arc Thrust,Cipunegara,R,Data Updated,16.0,20.0,45SW,6.4,JAVA_TRACE_V1,PUSGEN2024_POLYGON_METHOD_V1,5,45.0,SW,14.1421,5.0,19.1421,DIP_AWARE_R_PLUS_WCOSDIP,NONVERTICAL_KNOWN_DIRECTION,464.6879,5,367.6665,0.7912,True,True,True
JAV26,Java,Java Back-arc Thrust,Tampomas,R,New,24.0,20.0,31SW,6.7,JAVA_TRACE_V1,PUSGEN2024_POLYGON_METHOD_V1,5,31.0,SW,17.1433,5.0,22.1433,DIP_AWARE_R_PLUS_WCOSDIP,NONVERTICAL_KNOWN_DIRECTION,729.854,4,336.9751,0.4617,True,True,True
JAV27,Java,Java Back-arc Thrust,Baribis,R,New,17.0,20.0,45SW,6.4,JAVA_TRACE_V1,PUSGEN2024_POLYGON_METHOD_V1,5,45.0,SW,14.1421,5.0,19.1421,DIP_AWARE_R_PLUS_WCOSDIP,NONVERTICAL_KNOWN_DIRECTION,488.83,2,261.2646,0.5345,True,True,True
JAV28,Java,Java Back-arc Thrust,Ciremai,R,Data Updated,43.0,20.0,45SW,6.7,JAVA_TRACE_V1,PUSGEN2024_POLYGON_METHOD_V1,5,45.0,SW,14.1421,5.0,19.1421,DIP_AWARE_R_PLUS_WCOSDIP,NONVERTICAL_KNOWN_DIRECTION,1116.5255,3,666.3488,0.5968,True,True,True
JAV29,Java,Java Back-arc Thrust,Cisanggarung,R,Data Updated,19.0,20.0,45SW,6.5,JAVA_TRACE_V1,PUSGEN2024_POLYGON_METHOD_V1,5,45.0,SW,14.1421,5.0,19.1421,DIP_AWARE_R_PLUS_WCOSDIP,NONVERTICAL_KNOWN_DIRECTION,537.1143,2,210.7884,0.3924,True,True,True
JAV30,Java,Java Back-arc Thrust,Brebes,R,Data Updated,23.0,20.0,45S,6.7,JAVA_TRACE_V1,PUSGEN2024_POLYGON_METHOD_V1,5,45.0,S,14.1421,5.0,19.1421,DIP_AWARE_R_PLUS_WCOSDIP,NONVERTICAL_KNOWN_DIRECTION,633.6828,2,81.6488,0.1288,True,True,True
JAV31,Java,Java Back-arc Thrust,Tegal,R,Data Updated,18.0,20.0,45S,6.5,JAVA_TRACE_V1,PUSGEN2024_POLYGON_METHOD_V1,5,45.0,S,14.1421,5.0,19.1421,DIP_AWARE_R_PLUS_WCOSDIP,NONVERTICAL_KNOWN_DIRECTION,512.9722,2,91.1211,0.1776,True,True,True
JAV32,Java,Java Back-arc Thrust,Pemalang,R,Data Updated,20.0,20.0,45S,6.5,JAVA_TRACE_V1,PUSGEN2024_POLYGON_METHOD_V1,5,45.0,S,14.1421,5.0,19.1421,DIP_AWARE_R_PLUS_WCOSDIP,NONVERTICAL_KNOWN_DIRECTION,561.2564,2,71.0438,0.1266,True,True,True
JAV33,Java,Java Back-arc Thrust,Pekalongan,R,Data Updated,12.0,20.0,45S,6.3,JAVA_TRACE_V1,PUSGEN2024_POLYGON_METHOD_V1,5,45.0,S,14.1421,5.0,19.1421,DIP_AWARE_R_PLUS_WCOSDIP,NONVERTICAL_KNOWN_DIRECTION,368.1193,2,73.5628,0.1998,True,True,True
JAV34,Java,Java Back-arc Thrust,Batang,R,New,43.0,20.0,45S,6.6,JAVA_TRACE_V1,PUSGEN2024_POLYGON_METHOD_V1,5,45.0,S,14.1421,5.0,19.1421,DIP_AWARE_R_PLUS_WCOSDIP,NONVERTICAL_KNOWN_DIRECTION,1116.5255,2,103.1809,0.0924,True,True,True
JAV35,Java,Java Back-arc Thrust,Weleri,R,Data Updated,16.0,20.0,45S,6.4,JAVA_TRACE_V1,PUSGEN2024_POLYGON_METHOD_V1,5,45.0,S,14.1421,5.0,19.1421,DIP_AWARE_R_PLUS_WCOSDIP,NONVERTICAL_KNOWN_DIRECTION,464.6879,3,166.9947,0.3594,True,True,True
JAV36,Java,Java Back-arc Thrust,Semarang Front,R,Data Updated,41.0,20.0,45S,6.9,JAVA_TRACE_V1,PUSGEN2024_POLYGON_METHOD_V1,5,45.0,S,14.1421,5.0,19.1421,DIP_AWARE_R_PLUS_WCOSDIP,NONVERTICAL_KNOWN_DIRECTION,1068.2413,5,212.6704,0.1991,True,True,True
JAV37,Java,Java Back-arc Thrust,Kendal,R,New,19.0,20.0,45S,6.5,JAVA_TRACE_V1,PUSGEN2024_POLYGON_METHOD_V1,5,45.0,S,14.1421,5.0,19.1421,DIP_AWARE_R_PLUS_WCOSDIP,NONVERTICAL_KNOWN_DIRECTION,537.1143,2,203.456,0.3788,True,True,True
JAV38,Java,Java Back-arc Thrust,Mranggen,R,New,12.0,20.0,45S,6.3,JAVA_TRACE_V1,PUSGEN2024_POLYGON_METHOD_V1,5,45.0,S,14.1421,5.0,19.1421,DIP_AWARE_R_PLUS_WCOSDIP,NONVERTICAL_KNOWN_DIRECTION,368.1193,4,231.087,0.6278,True,True,True
JAV39,Java,Java Back-arc Thrust,Sendangdelik,R,Data Updated,52.0,20.0,45S,7.1,JAVA_TRACE_V1,PUSGEN2024_POLYGON_METHOD_V1,5,45.0,S,14.1421,5.0,19.1421,DIP_AWARE_R_PLUS_WCOSDIP,NONVERTICAL_KNOWN_DIRECTION,1333.8048,6,942.9402,0.707,True,True,True
JAV40,Java,Java Back-arc Thrust,Purwodadi,R,Data Updated,28.0,20.0,45S,6.8,JAVA_TRACE_V1,PUSGEN2024_POLYGON_METHOD_V1,5,45.0,S,14.1421,5.0,19.1421,DIP_AWARE_R_PLUS_WCOSDIP,NONVERTICAL_KNOWN_DIRECTION,754.3935,2,199.6713,0.2647,True,True,True
JAV41,Java,Java Back-arc Thrust,Gabus,R,Data Updated,40.0,20.0,45S,6.5,JAVA_TRACE_V1,PUSGEN2024_POLYGON_METHOD_V1,5,45.0,S,14.1421,5.0,19.1421,DIP_AWARE_R_PLUS_WCOSDIP,NONVERTICAL_KNOWN_DIRECTION,1044.0991,2,153.1542,0.1467,True,True,True
JAV42,Java,Java Back-arc Thrust,Cepu,R,New,40.0,20.0,45S,6.6,JAVA_TRACE_V1,PUSGEN2024_POLYGON_METHOD_V1,5,45.0,S,14.1421,5.0,19.1421,DIP_AWARE_R_PLUS_WCOSDIP,NONVERTICAL_KNOWN_DIRECTION,1044.0991,3,446.8366,0.428,True,True,True
JAV43,Java,Java Back-arc Thrust,Pandan,R,New,18.0,20.0,45S,6.5,JAVA_TRACE_V1,PUSGEN2024_POLYGON_METHOD_V1,5,45.0,S,14.1421,5.0,19.1421,DIP_AWARE_R_PLUS_WCOSDIP,NONVERTICAL_KNOWN_DIRECTION,512.9722,3,338.5916,0.6601,True,True,True
JAV44,Java,Java Back-arc Thrust,Drenges,R,New,31.0,20.0,45S,6.4,JAVA_TRACE_V1,PUSGEN2024_POLYGON_METHOD_V1,5,45.0,S,14.1421,5.0,19.1421,DIP_AWARE_R_PLUS_WCOSDIP,NONVERTICAL_KNOWN_DIRECTION,826.8199,3,454.9214,0.5502,True,True,True
JAV45,Java,Java Back-arc Thrust,Waru,R,Data Updated,59.0,20.0,45S,6.8,JAVA_TRACE_V1,PUSGEN2024_POLYGON_METHOD_V1,5,45.0,S,14.1421,5.0,19.1421,DIP_AWARE_R_PLUS_WCOSDIP,NONVERTICAL_KNOWN_DIRECTION,1502.7997,4,1027.9485,0.684,True,True,True
JAV46,Java,Java Back-arc Thrust,Selat Madura1,R,New,38.0,20.0,45S,6.5,JAVA_TRACE_V1,PUSGEN2024_POLYGON_METHOD_V1,5,45.0,S,14.1421,5.0,19.1421,DIP_AWARE_R_PLUS_WCOSDIP,NONVERTICAL_KNOWN_DIRECTION,995.8149,3,678.0245,0.6809,True,True,True
JAV47,Java,Java Back-arc Thrust,Selat Madura2,R,New,134.0,20.0,45S,6.9,JAVA_TRACE_V1,PUSGEN2024_POLYGON_METHOD_V1,5,45.0,S,14.1421,5.0,19.1421,DIP_AWARE_R_PLUS_WCOSDIP,NONVERTICAL_KNOWN_DIRECTION,3313.4599,3,697.5257,0.2105,True,True,True
JAV48,Java,Java Back-arc Thrust,Situbondo,R,New,101.0,20.0,45S,7.0,JAVA_TRACE_V1,PUSGEN2024_POLYGON_METHOD_V1,5,45.0,S,14.1421,5.0,19.1421,DIP_AWARE_R_PLUS_WCOSDIP,NONVERTICAL_KNOWN_DIRECTION,2516.7694,2,1945.3042,0.7729,True,True,True
JAV49,Java,Java Back-arc Thrust,Surabaya,R,Data Updated,25.0,20.0,45S,6.7,JAVA_TRACE_V1,PUSGEN2024_POLYGON_METHOD_V1,5,45.0,S,14.1421,5.0,19.1421,DIP_AWARE_R_PLUS_WCOSDIP,NONVERTICAL_KNOWN_DIRECTION,681.9671,2,612.4869,0.8981,True,True,True
JAV50,Java,RMKS,Pati,R,Data Updated,112.0,20.0,45S,6.9,JAVA_TRACE_V1,PUSGEN2024_POLYGON_METHOD_V1,5,45.0,S,14.1421,5.0,19.1421,DIP_AWARE_R_PLUS_WCOSDIP,NONVERTICAL_KNOWN_DIRECTION,2782.3329,2,1484.8352,0.5337,True,True,True
JAV51,Java,RMKS,Pati2,R,New,47.0,20.0,45N,6.3,JAVA_TRACE_V1,PUSGEN2024_POLYGON_METHOD_V1,5,45.0,N,14.1421,5.0,19.1421,DIP_AWARE_R_PLUS_WCOSDIP,NONVERTICAL_KNOWN_DIRECTION,1213.0941,2,1500.3792,1.2368,True,True,True
JAV52,Java,RMKS,Bojonegoro,R,New,41.0,20.0,45N,6.6,JAVA_TRACE_V1,PUSGEN2024_POLYGON_METHOD_V1,5,45.0,N,14.1421,5.0,19.1421,DIP_AWARE_R_PLUS_WCOSDIP,NONVERTICAL_KNOWN_DIRECTION,1068.2413,3,723.2849,0.6771,True,True,True
JAV53,Java,RMKS,Tuban1,R,New,68.0,20.0,45S,7.2,JAVA_TRACE_V1,PUSGEN2024_POLYGON_METHOD_V1,5,45.0,S,14.1421,5.0,19.1421,DIP_AWARE_R_PLUS_WCOSDIP,NONVERTICAL_KNOWN_DIRECTION,1720.0789,3,742.4068,0.4316,True,True,True
JAV54,Java,RMKS,Tuban2,R,New,26.0,30.0,45S,6.3,JAVA_TRACE_V1,PUSGEN2024_POLYGON_METHOD_V1,5,45.0,S,21.2132,5.0,26.2132,DIP_AWARE_R_PLUS_WCOSDIP,NONVERTICAL_KNOWN_DIRECTION,889.957,3,516.7307,0.5806,True,True,True
JAV55,Java,RMKS,Tuban3,R,New,22.0,30.0,45N,6.2,JAVA_TRACE_V1,PUSGEN2024_POLYGON_METHOD_V1,5,45.0,N,21.2132,5.0,26.2132,DIP_AWARE_R_PLUS_WCOSDIP,NONVERTICAL_KNOWN_DIRECTION,765.1042,3,489.1802,0.6394,True,True,True
JAV56,Java,RMKS,Ketapang,R,New,111.0,20.0,R45S,6.8,JAVA_TRACE_V1,PUSGEN2024_POLYGON_METHOD_V1,5,45.0,S,14.1421,5.0,19.1421,DIP_AWARE_R_PLUS_WCOSDIP,NONVERTICAL_KNOWN_DIRECTION,2758.1908,1,669.4868,0.2427,True,True,True
JAV57,Java,RMKS,Baliga,R,New,49.0,20.0,45N,6.7,JAVA_TRACE_V1,PUSGEN2024_POLYGON_METHOD_V1,5,45.0,N,14.1421,5.0,19.1421,DIP_AWARE_R_PLUS_WCOSDIP,NONVERTICAL_KNOWN_DIRECTION,1261.3784,1,241.2206,0.1912,True,True,True
JAV58,Java,RMKS,Somorkoning,SS-LL,New,26.0,20.0,90,6.5,JAVA_TRACE_V1,PUSGEN2024_POLYGON_METHOD_V1,5,90.0,,0.0,5.0,5.0,VERTICAL_NEAR_VERTICAL_SYMMETRIC_R,VERTICAL_NEAR_VERTICAL,338.4137,2,130.1397,0.3846,True,True,True
JAV59,Java,RMKS,Sumenep,SS-LL,Data Updated,44.0,20.0,90,6.9,JAVA_TRACE_V1,PUSGEN2024_POLYGON_METHOD_V1,5,90.0,,0.0,5.0,5.0,VERTICAL_NEAR_VERTICAL_SYMMETRIC_R,VERTICAL_NEAR_VERTICAL,518.4137,1,241.2206,0.4653,True,True,True
JAV60,Java,RMKS,Brakas,SS-LL,New,135.0,20.0,90,7.1,JAVA_TRACE_V1,PUSGEN2024_POLYGON_METHOD_V1,5,90.0,,0.0,5.0,5.0,VERTICAL_NEAR_VERTICAL_SYMMETRIC_R,VERTICAL_NEAR_VERTICAL,1428.4137,1,48.5644,0.034,True,True,True
JAV61,Java,RMKS,Mandangin,R,New,48.0,20.0,45N,6.6,JAVA_TRACE_V1,PUSGEN2024_POLYGON_METHOD_V1,5,45.0,N,14.1421,5.0,19.1421,DIP_AWARE_R_PLUS_WCOSDIP,NONVERTICAL_KNOWN_DIRECTION,1237.2362,2,718.0512,0.5804,True,True,True
JAV62,Java,RMKS,Kangean-Sakala,SS-LL,Data Updated,119.0,20.0,90,7.0,JAVA_TRACE_V1,PUSGEN2024_POLYGON_METHOD_V1,5,90.0,,0.0,5.0,5.0,VERTICAL_NEAR_VERTICAL_SYMMETRIC_R,VERTICAL_NEAR_VERTICAL,1268.4137,0,0.0,0.0,True,True,True
JAV63,Java,RMKS,Lasem,R,New,34.0,20.0,45S,6.9,JAVA_TRACE_V1,PUSGEN2024_POLYGON_METHOD_V1,5,45.0,S,14.1421,5.0,19.1421,DIP_AWARE_R_PLUS_WCOSDIP,NONVERTICAL_KNOWN_DIRECTION,899.2463,2,796.537,0.8858,True,True,True
JAV64,Java,Rawapening Fault,Rawapening,SS,No Update,20.0,20.0,45,5.9,JAVA_TRACE_V1,PUSGEN2024_POLYGON_METHOD_V1,5,45.0,,14.1421,12.0711,12.0711,NONVERTICAL_MISSING_DIPDIR_SYMMETRIC_R_PLUS_H2,NONVERTICAL_MISSING_DIRECTION,556.165,4,642.9152,1.156,True,True,True
JAV65,Java,Ajibarang Fault,Ajibarang,SS,No Update,19.0,20.0,90,6.5,JAVA_TRACE_V1,PUSGEN2024_POLYGON_METHOD_V1,5,90.0,,0.0,5.0,5.0,VERTICAL_NEAR_VERTICAL_SYMMETRIC_R,VERTICAL_NEAR_VERTICAL,272.1221,0,0.0,0.0,True,True,True
JAV66,Java,Ungaran Fault,Ungaran,N,Data Updated,19.0,20.0,60S,5.8,JAVA_TRACE_V1,PUSGEN2024_POLYGON_METHOD_V1,5,60.0,S,10.0,5.0,15.0,DIP_AWARE_R_PLUS_WCOSDIP,NONVERTICAL_KNOWN_DIRECTION,458.4137,5,408.2439,0.8906,True,True,True
JAV67,Java,Opak Fault,Opak,SS-LL,No Update,47.0,20.0,50,6.9,JAVA_TRACE_V1,PUSGEN2024_POLYGON_METHOD_V1,5,50.0,,12.8558,11.4279,11.4279,NONVERTICAL_MISSING_DIPDIR_SYMMETRIC_R_PLUS_H2,NONVERTICAL_MISSING_DIRECTION,1150.8252,2,315.7462,0.2744,True,True,True
JAV68,Java,Merapi-Merbabu Fault,Merapi-Merbabu,SS,No Update,28.0,20.0,90,6.5,JAVA_TRACE_V1,PUSGEN2024_POLYGON_METHOD_V1,5,90.0,,0.0,5.0,5.0,VERTICAL_NEAR_VERTICAL_SYMMETRIC_R,VERTICAL_NEAR_VERTICAL,361.0178,3,83.3657,0.2309,True,True,True
JAV69,Java,Pasuruan Fault,Pasuruan,N,No Update,18.0,20.0,60E,6.4,JAVA_TRACE_V1,PUSGEN2024_POLYGON_METHOD_V1,5,60.0,E,10.0,5.0,15.0,DIP_AWARE_R_PLUS_WCOSDIP,NONVERTICAL_KNOWN_DIRECTION,418.8099,0,0.0,0.0,True,True,True
JAV70,Java,Probolinggo Fault,Probolinggo,SS-LL,No Update,15.0,20.0,90,6.1,JAVA_TRACE_V1,PUSGEN2024_POLYGON_METHOD_V1,5,90.0,,0.0,5.0,5.0,VERTICAL_NEAR_VERTICAL_SYMMETRIC_R,VERTICAL_NEAR_VERTICAL,230.4648,0,0.0,0.0,True,True,True
JAV71,Java,Wonsorejo Fault,Wonsorejo,SS-LL,No Update,11.0,20.0,90,5.9,JAVA_TRACE_V1,PUSGEN2024_POLYGON_METHOD_V1,5,90.0,,0.0,5.0,5.0,VERTICAL_NEAR_VERTICAL_SYMMETRIC_R,VERTICAL_NEAR_VERTICAL,182.9875,0,0.0,0.0,True,True,True
JAV72,Java,Mataram Fault,Tambakbayan,SS-LL,New,14.0,20.0,90,6.1,JAVA_TRACE_V1,PUSGEN2024_POLYGON_METHOD_V1,5,90.0,,0.0,5.0,5.0,VERTICAL_NEAR_VERTICAL_SYMMETRIC_R,VERTICAL_NEAR_VERTICAL,218.4137,1,214.5121,0.9821,True,True,True
JAV73,Java,Mataram Fault,Dengkeng,SS-LL,New,15.0,20.0,90,6.2,JAVA_TRACE_V1,PUSGEN2024_POLYGON_METHOD_V1,5,90.0,,0.0,5.0,5.0,VERTICAL_NEAR_VERTICAL_SYMMETRIC_R,VERTICAL_NEAR_VERTICAL,228.4137,1,101.2341,0.4432,True,True,True
JAV74,Java,Muria fault,Muria,N,No Update,30.0,20.0,60,6.6,JAVA_TRACE_V1,PUSGEN2024_POLYGON_METHOD_V1,5,60.0,,10.0,10.0,10.0,NONVERTICAL_MISSING_DIPDIR_SYMMETRIC_R_PLUS_H2,NONVERTICAL_MISSING_DIRECTION,671.7159,0,0.0,0.0,True,True,True
JAV75,Java,Muria Fault Zone,Muria Offshore1,SS,New,108.0,20.0,90,7.5,JAVA_TRACE_V1,PUSGEN2024_POLYGON_METHOD_V1,5,90.0,,0.0,5.0,5.0,VERTICAL_NEAR_VERTICAL_SYMMETRIC_R,VERTICAL_NEAR_VERTICAL,1158.4137,0,0.0,0.0,True,True,True
JAV76,Java,Muria Fault Zone,Muria West 15,SS,New,69.0,20.0,90,7.5,JAVA_TRACE_V1,PUSGEN2024_POLYGON_METHOD_V1,5,90.0,,0.0,5.0,5.0,VERTICAL_NEAR_VERTICAL_SYMMETRIC_R,VERTICAL_NEAR_VERTICAL,768.4137,0,0.0,0.0,True,True,True
JAV77,Java,Bawean,South Bawean,SS,New,89.0,20.0,90,7.4,JAVA_TRACE_V1,PUSGEN2024_POLYGON_METHOD_V1,5,90.0,,0.0,5.0,5.0,VERTICAL_NEAR_VERTICAL_SYMMETRIC_R,VERTICAL_NEAR_VERTICAL,968.4137,1,106.3429,0.1098,True,True,True
JAV78,Java,Bawean,East Bawean,R,New,103.0,30.0,45SE,7.5,JAVA_TRACE_V1,PUSGEN2024_POLYGON_METHOD_V1,5,45.0,SE,21.2132,5.0,26.2132,DIP_AWARE_R_PLUS_WCOSDIP,NONVERTICAL_KNOWN_DIRECTION,3293.3737,5,949.801,0.2884,True,True,True
JAV79,Java,Bawean,Masalembo,SS,Data Updated,152.0,20.0,90,7.7,JAVA_TRACE_V1,PUSGEN2024_POLYGON_METHOD_V1,5,90.0,,0.0,5.0,5.0,VERTICAL_NEAR_VERTICAL_SYMMETRIC_R,VERTICAL_NEAR_VERTICAL,1598.4137,1,581.781,0.364,True,True,True
JAV80,Java,JS-1 Ridge,JS-1 Ridge North,R,New,18.0,20.0,45SE,6.5,JAVA_TRACE_V1,PUSGEN2024_POLYGON_METHOD_V1,5,45.0,SE,14.1421,5.0,19.1421,DIP_AWARE_R_PLUS_WCOSDIP,NONVERTICAL_KNOWN_DIRECTION,512.9722,2,423.5148,0.8256,True,True,True
JAV81,Java,JS-1 Ridge,JS-1 Ridge South,R,New,42.0,20.0,45NW,7.0,JAVA_TRACE_V1,PUSGEN2024_POLYGON_METHOD_V1,5,45.0,NW,14.1421,5.0,19.1421,DIP_AWARE_R_PLUS_WCOSDIP,NONVERTICAL_KNOWN_DIRECTION,1092.3834,3,967.4482,0.8856,True,True,True
JAV82,Java,JS-2 Ridge,JS-2 Ridge,R,New,67.0,20.0,45N,7.2,JAVA_TRACE_V1,PUSGEN2024_POLYGON_METHOD_V1,5,45.0,N,14.1421,5.0,19.1421,DIP_AWARE_R_PLUS_WCOSDIP,NONVERTICAL_KNOWN_DIRECTION,1695.9368,2,340.4899,0.2008,True,True,True
Kal01,Kalimantan,Meratus,Meratus,R,Data Updated,100.0,20.0,45W,7.1,KALIMANTAN_TRACE_V1,PUSGEN2024_POLYGON_METHOD_V1,5,45.0,W,14.1421,5.0,19.1421,DIP_AWARE_R_PLUS_WCOSDIP,NONVERTICAL_KNOWN_DIRECTION,2574.6842,0,0.0,0.0,True,True,True
Kal02,Kalimantan,Loahaur-Separi,Loahaur-Separi,R,New,194.0,20.0,45W,7.4,KALIMANTAN_TRACE_V1,PUSGEN2024_POLYGON_METHOD_V1,5,45.0,W,14.1421,5.0,19.1421,DIP_AWARE_R_PLUS_WCOSDIP,NONVERTICAL_KNOWN_DIRECTION,4589.5974,3,1638.0454,0.3569,True,True,True
Kal03,Kalimantan,Mangkalihat,Sangkulirang,Ss,New,151.0,20.0,90,7.5,KALIMANTAN_TRACE_V1,PUSGEN2024_POLYGON_METHOD_V1,5,90.0,,0.0,5.0,5.0,VERTICAL_NEAR_VERTICAL_SYMMETRIC_R,VERTICAL_NEAR_VERTICAL,1592.1535,0,0.0,0.0,True,True,True
Kal04,Kalimantan,Mangkalihat,Mangkalihat North,R,Data Updated,48.0,20.0,45W,7.1,KALIMANTAN_TRACE_V1,PUSGEN2024_POLYGON_METHOD_V1,5,45.0,W,14.1421,5.0,19.1421,DIP_AWARE_R_PLUS_WCOSDIP,NONVERTICAL_KNOWN_DIRECTION,1190.0677,0,0.0,0.0,True,True,True
Kal05,Kalimantan,Mangkalihat,Mangkalihat South,Ss,New,81.0,20.0,90,7.0,KALIMANTAN_TRACE_V1,PUSGEN2024_POLYGON_METHOD_V1,5,90.0,,0.0,5.0,5.0,VERTICAL_NEAR_VERTICAL_SYMMETRIC_R,VERTICAL_NEAR_VERTICAL,900.8954,0,0.0,0.0,True,True,True
Kal06,Kalimantan,Tanjung Selor,Tanjung Selor,R,New,129.0,20.0,60W,7.1,KALIMANTAN_TRACE_V1,PUSGEN2024_POLYGON_METHOD_V1,5,60.0,W,10.0,5.0,15.0,DIP_AWARE_R_PLUS_WCOSDIP,NONVERTICAL_KNOWN_DIRECTION,2696.203,0,0.0,0.0,True,True,True
Kal07,Kalimantan,Tarakan,Tarakan - South,Ss,New,25.0,20.0,90,6.5,KALIMANTAN_TRACE_V1,PUSGEN2024_POLYGON_METHOD_V1,5,90.0,,0.0,5.0,5.0,VERTICAL_NEAR_VERTICAL_SYMMETRIC_R,VERTICAL_NEAR_VERTICAL,333.4027,0,0.0,0.0,True,True,True
Kal08,Kalimantan,Tarakan,Tarakan - North,Ss-LL,Data Updated,130.0,20.0,90,7.4,KALIMANTAN_TRACE_V1,PUSGEN2024_POLYGON_METHOD_V1,5,90.0,,0.0,5.0,5.0,VERTICAL_NEAR_VERTICAL_SYMMETRIC_R,VERTICAL_NEAR_VERTICAL,1330.633,0,0.0,0.0,True,True,True
Kal09,Kalimantan,Malinau,Malinau,Ss,New,28.0,20.0,90,6.8,KALIMANTAN_TRACE_V1,PUSGEN2024_POLYGON_METHOD_V1,5,90.0,,0.0,5.0,5.0,VERTICAL_NEAR_VERTICAL_SYMMETRIC_R,VERTICAL_NEAR_VERTICAL,332.2456,0,0.0,0.0,True,True,True
Kal10,Kalimantan,Kayan,Kayan,Ss,New,152.0,20.0,90,7.1,KALIMANTAN_TRACE_V1,PUSGEN2024_POLYGON_METHOD_V1,5,90.0,,0.0,5.0,5.0,VERTICAL_NEAR_VERTICAL_SYMMETRIC_R,VERTICAL_NEAR_VERTICAL,1625.3572,0,0.0,0.0,True,True,True
MAL01,Maluku Utara,Philippine Fault,North Miangas,SS-LL,New,71.0,20.0,90,7.1,MALUKU_UTARA_TRACE_V1,PUSGEN2024_POLYGON_METHOD_V1,5,90.0,,0.0,5.0,5.0,VERTICAL_NEAR_VERTICAL_SYMMETRIC_R,VERTICAL_NEAR_VERTICAL,768.6064,2,156.8262,0.204,True,True,True
MAL02,Maluku Utara,Philippine Fault,Talaud,SS-LL,New,107.0,20.0,90,7.4,MALUKU_UTARA_TRACE_V1,PUSGEN2024_POLYGON_METHOD_V1,5,90.0,,0.0,5.0,5.0,VERTICAL_NEAR_VERTICAL_SYMMETRIC_R,VERTICAL_NEAR_VERTICAL,1118.4356,1,78.4133,0.0701,True,True,True
MAL03,Maluku Utara,Philippine Fault,South Miangas,SS-LL,New,47.0,20.0,90,6.9,MALUKU_UTARA_TRACE_V1,PUSGEN2024_POLYGON_METHOD_V1,5,90.0,,0.0,5.0,5.0,VERTICAL_NEAR_VERTICAL_SYMMETRIC_R,VERTICAL_NEAR_VERTICAL,535.3642,2,156.8267,0.2929,True,True,True
MAL04,Maluku Utara,Philippine Fault,Mati,SS-LL,New,143.0,20.0,90,7.5,MALUKU_UTARA_TRACE_V1,PUSGEN2024_POLYGON_METHOD_V1,5,90.0,,0.0,5.0,5.0,VERTICAL_NEAR_VERTICAL_SYMMETRIC_R,VERTICAL_NEAR_VERTICAL,1468.2644,1,78.4127,0.0534,True,True,True
MAL05,Maluku Utara,North Sula,North Sula,R,Data Updated,461.0,20.0,45,8.1,MALUKU_UTARA_TRACE_V1,PUSGEN2024_POLYGON_METHOD_V1,5,45.0,,14.1421,12.0711,12.0711,NONVERTICAL_MISSING_DIPDIR_SYMMETRIC_R_PLUS_H2,NONVERTICAL_MISSING_DIRECTION,11101.461,6,3030.3744,0.273,True,True,True
MAL06,Maluku Utara,South Sula,Mangole,SS-LL,Data Updated,154.0,20.0,90,7.5,MALUKU_UTARA_TRACE_V1,PUSGEN2024_POLYGON_METHOD_V1,5,90.0,,0.0,5.0,5.0,VERTICAL_NEAR_VERTICAL_SYMMETRIC_R,VERTICAL_NEAR_VERTICAL,1588.4696,3,1094.7054,0.6892,True,True,True
MAL07,Maluku Utara,South Sula,Talibu,SS-LL,Data Updated,166.0,20.0,90,7.6,MALUKU_UTARA_TRACE_V1,PUSGEN2024_POLYGON_METHOD_V1,5,90.0,,0.0,5.0,5.0,VERTICAL_NEAR_VERTICAL_SYMMETRIC_R,VERTICAL_NEAR_VERTICAL,1708.2421,5,700.9066,0.4103,True,True,True
MAL08,Maluku Utara,South Sula,Kano,SS-LL,Data Updated,186.0,20.0,90,7.7,MALUKU_UTARA_TRACE_V1,PUSGEN2024_POLYGON_METHOD_V1,5,90.0,,0.0,5.0,5.0,VERTICAL_NEAR_VERTICAL_SYMMETRIC_R,VERTICAL_NEAR_VERTICAL,1905.9405,4,401.2794,0.2105,True,True,True
MAL09,Maluku Utara,Sangihe Thrust,Sangihe Thrust,R,New,643.0,20.0,45E,8.2,MALUKU_UTARA_TRACE_V1,PUSGEN2024_POLYGON_METHOD_V1,5,45.0,E,14.1421,5.0,19.1421,DIP_AWARE_R_PLUS_WCOSDIP,NONVERTICAL_KNOWN_DIRECTION,14923.8909,2,1374.434,0.0921,True,True,True
MAL10,Maluku Utara,Halmahera Thrust,Halmahera Thrust,R,New,570.0,20.0,45W,8.3,MALUKU_UTARA_TRACE_V1,PUSGEN2024_POLYGON_METHOD_V1,5,45.0,W,14.1421,5.0,19.1421,DIP_AWARE_R_PLUS_WCOSDIP,NONVERTICAL_KNOWN_DIRECTION,13204.2873,1,199.4793,0.0151,True,True,True
MAL11,Maluku Utara,Sorong Fault,North Kofiau,SS-LL,Data Updated,254.0,20.0,90,7.9,MALUKU_UTARA_TRACE_V1,PUSGEN2024_POLYGON_METHOD_V1,5,90.0,,0.0,5.0,5.0,VERTICAL_NEAR_VERTICAL_SYMMETRIC_R,VERTICAL_NEAR_VERTICAL,2669.9101,0,0.0,0.0,True,True,True
MAL12,Maluku Utara,Sorong Fault,Obi-Kofiau,SS-LL,Data Updated,208.0,20.0,90,7.7,MALUKU_UTARA_TRACE_V1,PUSGEN2024_POLYGON_METHOD_V1,5,90.0,,0.0,5.0,5.0,VERTICAL_NEAR_VERTICAL_SYMMETRIC_R,VERTICAL_NEAR_VERTICAL,2190.5663,1,334.4542,0.1527,True,True,True
MAL13,Maluku Utara,Sorong Fault,South Halmahera,SS-LL,Data Updated,256.0,20.0,90,7.9,MALUKU_UTARA_TRACE_V1,PUSGEN2024_POLYGON_METHOD_V1,5,90.0,,0.0,5.0,5.0,VERTICAL_NEAR_VERTICAL_SYMMETRIC_R,VERTICAL_NEAR_VERTICAL,2777.613,2,533.9335,0.1922,True,True,True
MAL14,Maluku Utara,Sorong Fault,Obi,SS-LL,Data Updated,180.0,20.0,90,7.7,MALUKU_UTARA_TRACE_V1,PUSGEN2024_POLYGON_METHOD_V1,5,90.0,,0.0,5.0,5.0,VERTICAL_NEAR_VERTICAL_SYMMETRIC_R,VERTICAL_NEAR_VERTICAL,1873.2556,2,887.6517,0.4739,True,True,True
MAL15,Maluku Utara,Maju Thrust,Maju Thrust,R45W,New,211.0,20.0,45W,7.7,MALUKU_UTARA_TRACE_V1,PUSGEN2024_POLYGON_METHOD_V1,5,45.0,W,14.1421,5.0,19.1421,DIP_AWARE_R_PLUS_WCOSDIP,NONVERTICAL_KNOWN_DIRECTION,5383.3642,0,0.0,0.0,True,True,True
MAL16,Maluku Utara,Kabaruang Thrust,Kabaruang Thrust,R45W,New,167.0,20.0,45W,7.6,MALUKU_UTARA_TRACE_V1,PUSGEN2024_POLYGON_METHOD_V1,5,45.0,W,14.1421,5.0,19.1421,DIP_AWARE_R_PLUS_WCOSDIP,NONVERTICAL_KNOWN_DIRECTION,4354.8929,0,0.0,0.0,True,True,True
PAP01,Papua,Manokwari Thrust,West segment (North Waigeo),R45S,No Update,137.0,20.0,45S,7.5,PAPUA_TRACE_V1,PUSGEN2024_POLYGON_METHOD_V1,5,45.0,S,14.1421,5.0,19.1421,DIP_AWARE_R_PLUS_WCOSDIP,NONVERTICAL_KNOWN_DIRECTION,3220.0298,0,0.0,0.0,True,True,True
PAP02,Papua,Manokwari Thrust,East and central segment,R45S,No Update,309.0,20.0,45S,7.9,PAPUA_TRACE_V1,PUSGEN2024_POLYGON_METHOD_V1,5,45.0,S,14.1421,5.0,19.1421,DIP_AWARE_R_PLUS_WCOSDIP,NONVERTICAL_KNOWN_DIRECTION,6645.6423,0,0.0,0.0,True,True,True
PAP03,Papua,Dampier,Dampier,R45SE,No Update,64.0,20.0,45SE,7.2,PAPUA_TRACE_V1,PUSGEN2024_POLYGON_METHOD_V1,5,45.0,SE,14.1421,5.0,19.1421,DIP_AWARE_R_PLUS_WCOSDIP,NONVERTICAL_KNOWN_DIRECTION,1463.0554,4,311.0596,0.2126,True,True,True
PAP04,Papua,Koor Fault,Koor Dampier,SS-LL,Data Updated,65.0,20.0,90,7.1,PAPUA_TRACE_V1,PUSGEN2024_POLYGON_METHOD_V1,5,90.0,,0.0,5.0,5.0,VERTICAL_NEAR_VERTICAL_SYMMETRIC_R,VERTICAL_NEAR_VERTICAL,748.7363,2,548.9763,0.7332,True,True,True
PAP05,Papua,Koor Fault,Koor,SS-LL,Data Updated,104.0,20.0,90,7.4,PAPUA_TRACE_V1,PUSGEN2024_POLYGON_METHOD_V1,5,90.0,,0.0,5.0,5.0,VERTICAL_NEAR_VERTICAL_SYMMETRIC_R,VERTICAL_NEAR_VERTICAL,1208.1457,2,405.1398,0.3353,True,True,True
PAP06,Papua,Sorong Fault,West Salawati,SS-LL,Data Updated,45.0,20.0,90,6.8,PAPUA_TRACE_V1,PUSGEN2024_POLYGON_METHOD_V1,5,90.0,,0.0,5.0,5.0,VERTICAL_NEAR_VERTICAL_SYMMETRIC_R,VERTICAL_NEAR_VERTICAL,519.6888,1,78.4135,0.1509,True,True,True
PAP07,Papua,Sorong Fault,Sagewin,SS-LL,Data Updated,124.0,20.0,90,7.5,PAPUA_TRACE_V1,PUSGEN2024_POLYGON_METHOD_V1,5,90.0,,0.0,5.0,5.0,VERTICAL_NEAR_VERTICAL_SYMMETRIC_R,VERTICAL_NEAR_VERTICAL,1396.3595,4,1033.5363,0.7402,True,True,True
PAP08,Papua,Sorong Fault,Sorong Dampier,SS-LL,Data Updated,111.0,20.0,90,7.3,PAPUA_TRACE_V1,PUSGEN2024_POLYGON_METHOD_V1,5,90.0,,0.0,5.0,5.0,VERTICAL_NEAR_VERTICAL_SYMMETRIC_R,VERTICAL_NEAR_VERTICAL,1142.4119,3,765.5784,0.6701,True,True,True
PAP09,Papua,Sorong Fault,Klararea,SS-LL,Data Updated,90.0,20.0,90,7.3,PAPUA_TRACE_V1,PUSGEN2024_POLYGON_METHOD_V1,5,90.0,,0.0,5.0,5.0,VERTICAL_NEAR_VERTICAL_SYMMETRIC_R,VERTICAL_NEAR_VERTICAL,961.3338,1,20.2019,0.021,True,True,True
PAP10,Papua,Sorong Fault,Mega-Omnowi,SS-LL,Data Updated,193.0,20.0,90,7.8,PAPUA_TRACE_V1,PUSGEN2024_POLYGON_METHOD_V1,5,90.0,,0.0,5.0,5.0,VERTICAL_NEAR_VERTICAL_SYMMETRIC_R,VERTICAL_NEAR_VERTICAL,1899.751,5,543.5723,0.2861,True,True,True
PAP11,Papua,Sorong Fault,Anita,R,Data Updated,38.0,20.0,45N,6.9,PAPUA_TRACE_V1,PUSGEN2024_POLYGON_METHOD_V1,5,45.0,N,14.1421,5.0,19.1421,DIP_AWARE_R_PLUS_WCOSDIP,NONVERTICAL_KNOWN_DIRECTION,1080.0773,1,502.9103,0.4656,True,True,True
PAP12,Papua,Sorong Fault,Warjori,R,Data Updated,44.0,20.0,45S,6.8,PAPUA_TRACE_V1,PUSGEN2024_POLYGON_METHOD_V1,5,45.0,S,14.1421,5.0,19.1421,DIP_AWARE_R_PLUS_WCOSDIP,NONVERTICAL_KNOWN_DIRECTION,1007.3472,1,502.9103,0.4992,True,True,True
PAP13,Papua,Sorong Fault,Meuni,SS-LL,Data Updated,23.0,20.0,90,6.5,PAPUA_TRACE_V1,PUSGEN2024_POLYGON_METHOD_V1,5,90.0,,0.0,5.0,5.0,VERTICAL_NEAR_VERTICAL_SYMMETRIC_R,VERTICAL_NEAR_VERTICAL,310.7706,1,57.6674,0.1856,True,True,True
PAP14,Papua,Sorong Fault,Meuni Thrust,R,Data Updated,27.0,20.0,45S,6.6,PAPUA_TRACE_V1,PUSGEN2024_POLYGON_METHOD_V1,5,45.0,S,14.1421,5.0,19.1421,DIP_AWARE_R_PLUS_WCOSDIP,NONVERTICAL_KNOWN_DIRECTION,732.899,1,57.6674,0.0787,True,True,True
PAP15,Papua,Ransiki,Ransiki,R,Data Updated,68.0,20.0,45W,7.2,PAPUA_TRACE_V1,PUSGEN2024_POLYGON_METHOD_V1,5,45.0,W,14.1421,5.0,19.1421,DIP_AWARE_R_PLUS_WCOSDIP,NONVERTICAL_KNOWN_DIRECTION,1649.1782,3,1102.4384,0.6685,True,True,True
PAP16,Papua,Yapen Fault,East Wandamen,SS-LL,New,64.0,20.0,90,7.1,PAPUA_TRACE_V1,PUSGEN2024_POLYGON_METHOD_V1,5,90.0,,0.0,5.0,5.0,VERTICAL_NEAR_VERTICAL_SYMMETRIC_R,VERTICAL_NEAR_VERTICAL,716.0598,1,78.4116,0.1095,True,True,True
PAP17,Papua,Yapen Fault,Ransiki-Num,SS-LL,No Update,247.0,20.0,90,7.9,PAPUA_TRACE_V1,PUSGEN2024_POLYGON_METHOD_V1,5,90.0,,0.0,5.0,5.0,VERTICAL_NEAR_VERTICAL_SYMMETRIC_R,VERTICAL_NEAR_VERTICAL,2538.2301,2,156.8227,0.0618,True,True,True
PAP18,Papua,Yapen Fault,Randawaya,SS-LL,No Update,64.0,20.0,90,7.1,PAPUA_TRACE_V1,PUSGEN2024_POLYGON_METHOD_V1,5,90.0,,0.0,5.0,5.0,VERTICAL_NEAR_VERTICAL_SYMMETRIC_R,VERTICAL_NEAR_VERTICAL,715.9614,2,156.8245,0.219,True,True,True
PAP19,Papua,Yapen Fault,Jobi,SS-LL,No Update,79.0,20.0,90,7.2,PAPUA_TRACE_V1,PUSGEN2024_POLYGON_METHOD_V1,5,90.0,,0.0,5.0,5.0,VERTICAL_NEAR_VERTICAL_SYMMETRIC_R,VERTICAL_NEAR_VERTICAL,865.2226,1,78.4133,0.0906,True,True,True
PAP20,Papua,Sorendidori,Sorendidori,SS-LL,No Update,33.0,20.0,90,6.6,PAPUA_TRACE_V1,PUSGEN2024_POLYGON_METHOD_V1,5,90.0,,0.0,5.0,5.0,VERTICAL_NEAR_VERTICAL_SYMMETRIC_R,VERTICAL_NEAR_VERTICAL,378.1923,0,0.0,0.0,True,True,True
PAP21,Papua,Mamberamo,Mamberamo,SS-LL,No Update,133.0,20.0,90,7.5,PAPUA_TRACE_V1,PUSGEN2024_POLYGON_METHOD_V1,5,90.0,,0.0,5.0,5.0,VERTICAL_NEAR_VERTICAL_SYMMETRIC_R,VERTICAL_NEAR_VERTICAL,1459.8194,0,0.0,0.0,True,True,True
PAP22,Papua,Mamberamo,Makai,R,No Update,51.0,20.0,45SW,7.0,PAPUA_TRACE_V1,PUSGEN2024_POLYGON_METHOD_V1,5,45.0,SW,14.1421,5.0,19.1421,DIP_AWARE_R_PLUS_WCOSDIP,NONVERTICAL_KNOWN_DIRECTION,1238.0628,0,0.0,0.0,True,True,True
PAP23,Papua,Mamberamo,Tuira,SS-LL,No Update,89.0,20.0,90,7.3,PAPUA_TRACE_V1,PUSGEN2024_POLYGON_METHOD_V1,5,90.0,,0.0,5.0,5.0,VERTICAL_NEAR_VERTICAL_SYMMETRIC_R,VERTICAL_NEAR_VERTICAL,1012.7185,1,86.3031,0.0852,True,True,True
PAP24,Papua,Mamberamo,Toarim,R,No Update,133.0,20.0,45SW,7.3,PAPUA_TRACE_V1,PUSGEN2024_POLYGON_METHOD_V1,5,45.0,SW,14.1421,5.0,19.1421,DIP_AWARE_R_PLUS_WCOSDIP,NONVERTICAL_KNOWN_DIRECTION,3119.4668,3,1987.7616,0.6372,True,True,True
PAP25,Papua,Mamberamo,Mawe,SS-LL,No Update,128.0,20.0,90,7.5,PAPUA_TRACE_V1,PUSGEN2024_POLYGON_METHOD_V1,5,90.0,,0.0,5.0,5.0,VERTICAL_NEAR_VERTICAL_SYMMETRIC_R,VERTICAL_NEAR_VERTICAL,1367.8601,3,420.4854,0.3074,True,True,True
PAP26,Papua,Mamberamo,Djanggur,R,No Update,109.0,20.0,45SW,7.2,PAPUA_TRACE_V1,PUSGEN2024_POLYGON_METHOD_V1,5,45.0,SW,14.1421,5.0,19.1421,DIP_AWARE_R_PLUS_WCOSDIP,NONVERTICAL_KNOWN_DIRECTION,2626.8698,2,409.6815,0.156,True,True,True
PAP27,Papua,Bewani Torricelli,Waris,SS-LL,No Update,68.0,20.0,90,7.1,PAPUA_TRACE_V1,PUSGEN2024_POLYGON_METHOD_V1,5,90.0,,0.0,5.0,5.0,VERTICAL_NEAR_VERTICAL_SYMMETRIC_R,VERTICAL_NEAR_VERTICAL,759.5293,1,157.2743,0.2071,True,True,True
PAP28,Papua,Taminabuan Thrust,Taminabuan South,R,Data Updated,242.0,20.0,45NE,7.8,PAPUA_TRACE_V1,PUSGEN2024_POLYGON_METHOD_V1,5,45.0,NE,14.1421,5.0,19.1421,DIP_AWARE_R_PLUS_WCOSDIP,NONVERTICAL_KNOWN_DIRECTION,5875.4746,3,5786.4774,0.9849,True,True,True
PAP29,Papua,Taminabuan Thrust,Taminabuan Central,R,Data Updated,182.0,20.0,45NE,7.7,PAPUA_TRACE_V1,PUSGEN2024_POLYGON_METHOD_V1,5,45.0,NE,14.1421,5.0,19.1421,DIP_AWARE_R_PLUS_WCOSDIP,NONVERTICAL_KNOWN_DIRECTION,4503.3573,3,6548.3071,1.4541,True,True,True
PAP30,Papua,Taminabuan Thrust,Taminabuan North,R,Data Updated,43.0,20.0,45NE,6.8,PAPUA_TRACE_V1,PUSGEN2024_POLYGON_METHOD_V1,5,45.0,NE,14.1421,5.0,19.1421,DIP_AWARE_R_PLUS_WCOSDIP,NONVERTICAL_KNOWN_DIRECTION,912.8982,3,2225.1185,2.4374,True,True,True
PAP31,Papua,Wandamen,Rumberpon-Kaimana,N,Data Updated,81.0,20.0,60E,6.8,PAPUA_TRACE_V1,PUSGEN2024_POLYGON_METHOD_V1,5,60.0,E,10.0,5.0,15.0,DIP_AWARE_R_PLUS_WCOSDIP,NONVERTICAL_KNOWN_DIRECTION,1701.1204,3,940.4542,0.5528,True,True,True
PAP32,Papua,Wandamen,Rumberpon,N,Data Updated,45.0,20.0,60W,6.6,PAPUA_TRACE_V1,PUSGEN2024_POLYGON_METHOD_V1,5,60.0,W,10.0,5.0,15.0,DIP_AWARE_R_PLUS_WCOSDIP,NONVERTICAL_KNOWN_DIRECTION,945.3408,2,489.0544,0.5173,True,True,True
PAP33,Papua,Wandamen,Wandamen,N,Data Updated,95.0,20.0,60W,6.9,PAPUA_TRACE_V1,PUSGEN2024_POLYGON_METHOD_V1,5,60.0,W,10.0,5.0,15.0,DIP_AWARE_R_PLUS_WCOSDIP,NONVERTICAL_KNOWN_DIRECTION,1949.9874,0,0.0,0.0,True,True,True
PAP34,Papua,Wandamen,Kaimana,N,Data Updated,120.0,20.0,60E,7.0,PAPUA_TRACE_V1,PUSGEN2024_POLYGON_METHOD_V1,5,60.0,E,10.0,5.0,15.0,DIP_AWARE_R_PLUS_WCOSDIP,NONVERTICAL_KNOWN_DIRECTION,2409.8635,2,149.5661,0.0621,True,True,True
PAP35,Papua,Wandamen,Fau (east Kaimana),N,No Update,50.0,20.0,60S,6.7,PAPUA_TRACE_V1,PUSGEN2024_POLYGON_METHOD_V1,5,60.0,S,10.0,5.0,15.0,DIP_AWARE_R_PLUS_WCOSDIP,NONVERTICAL_KNOWN_DIRECTION,1109.0304,1,127.9206,0.1153,True,True,True
PAP36,Papua,Wandamen,Triton North,N,No Update,60.0,20.0,60SE,6.8,PAPUA_TRACE_V1,PUSGEN2024_POLYGON_METHOD_V1,5,60.0,SE,10.0,5.0,15.0,DIP_AWARE_R_PLUS_WCOSDIP,NONVERTICAL_KNOWN_DIRECTION,1245.6285,1,986.255,0.7918,True,True,True
PAP37,Papua,Wandamen,Triton South,N,No Update,98.0,20.0,60NW,6.9,PAPUA_TRACE_V1,PUSGEN2024_POLYGON_METHOD_V1,5,60.0,NW,10.0,5.0,15.0,DIP_AWARE_R_PLUS_WCOSDIP,NONVERTICAL_KNOWN_DIRECTION,2034.2372,1,986.255,0.4848,True,True,True
PAP38,Papua,Cenderawasih Thrust,Cenderawasih Thrust,R,Data Updated,155.0,20.0,45E,7.5,PAPUA_TRACE_V1,PUSGEN2024_POLYGON_METHOD_V1,5,45.0,E,14.1421,5.0,19.1421,DIP_AWARE_R_PLUS_WCOSDIP,NONVERTICAL_KNOWN_DIRECTION,3750.7323,2,843.5421,0.2249,True,True,True
PAP39,Papua,Wapoga,Wapoga,SS-LL,Data Updated,252.0,20.0,90,7.9,PAPUA_TRACE_V1,PUSGEN2024_POLYGON_METHOD_V1,5,90.0,,0.0,5.0,5.0,VERTICAL_NEAR_VERTICAL_SYMMETRIC_R,VERTICAL_NEAR_VERTICAL,2646.9196,3,382.9555,0.1447,True,True,True
PAP40,Papua,Nawa Hills,Waruta,R,No Update,90.0,20.0,45W,7.3,PAPUA_TRACE_V1,PUSGEN2024_POLYGON_METHOD_V1,5,45.0,W,14.1421,5.0,19.1421,DIP_AWARE_R_PLUS_WCOSDIP,NONVERTICAL_KNOWN_DIRECTION,2559.12,4,2066.1599,0.8074,True,True,True
PAP41,Papua,Nawa Hills,Pawasi,R,No Update,128.0,20.0,45W,7.5,PAPUA_TRACE_V1,PUSGEN2024_POLYGON_METHOD_V1,5,45.0,W,14.1421,5.0,19.1421,DIP_AWARE_R_PLUS_WCOSDIP,NONVERTICAL_KNOWN_DIRECTION,3232.9679,3,1166.1773,0.3607,True,True,True
PAP42,Papua,Nawa Hills,Anabranch,R,No Update,88.0,20.0,45W,7.3,PAPUA_TRACE_V1,PUSGEN2024_POLYGON_METHOD_V1,5,45.0,W,14.1421,5.0,19.1421,DIP_AWARE_R_PLUS_WCOSDIP,NONVERTICAL_KNOWN_DIRECTION,2274.8709,2,108.0893,0.0475,True,True,True
PAP43,Papua,Yumakot,Yumakot,SS-LL,New,113.0,20.0,90,7.4,PAPUA_TRACE_V1,PUSGEN2024_POLYGON_METHOD_V1,5,90.0,,0.0,5.0,5.0,VERTICAL_NEAR_VERTICAL_SYMMETRIC_R,VERTICAL_NEAR_VERTICAL,1147.3683,2,1125.0567,0.9806,True,True,True
PAP44,Papua,Wamena,Wamena,R,Data Updated,88.0,20.0,45SW,7.3,PAPUA_TRACE_V1,PUSGEN2024_POLYGON_METHOD_V1,5,45.0,SW,14.1421,5.0,19.1421,DIP_AWARE_R_PLUS_WCOSDIP,NONVERTICAL_KNOWN_DIRECTION,2269.4124,0,0.0,0.0,True,True,True
PAP45,Papua,Habema,Habema,R,Data Updated,46.0,20.0,45N,7.0,PAPUA_TRACE_V1,PUSGEN2024_POLYGON_METHOD_V1,5,45.0,N,14.1421,5.0,19.1421,DIP_AWARE_R_PLUS_WCOSDIP,NONVERTICAL_KNOWN_DIRECTION,1098.5599,0,0.0,0.0,True,True,True
PAP46,Papua,Papua Fold Thrust Belt,Digul,R,No Update,309.0,20.0,45N,7.9,PAPUA_TRACE_V1,PUSGEN2024_POLYGON_METHOD_V1,5,45.0,N,14.1421,5.0,19.1421,DIP_AWARE_R_PLUS_WCOSDIP,NONVERTICAL_KNOWN_DIRECTION,7299.041,3,1201.5145,0.1646,True,True,True
PAP47,Papua,Papua Fold Thrust Belt,Reiger,R,No Update,79.0,20.0,45N,7.3,PAPUA_TRACE_V1,PUSGEN2024_POLYGON_METHOD_V1,5,45.0,N,14.1421,5.0,19.1421,DIP_AWARE_R_PLUS_WCOSDIP,NONVERTICAL_KNOWN_DIRECTION,1926.4114,2,156.843,0.0814,True,True,True
PAP48,Papua,Papua Fold Thrust Belt,Kenyam,R,No Update,123.0,20.0,45N,7.4,PAPUA_TRACE_V1,PUSGEN2024_POLYGON_METHOD_V1,5,45.0,N,14.1421,5.0,19.1421,DIP_AWARE_R_PLUS_WCOSDIP,NONVERTICAL_KNOWN_DIRECTION,2838.788,2,156.8307,0.0552,True,True,True
PAP49,Papua,Papua Fold Thrust Belt,Timika,R,No Update,99.0,20.0,45N,7.3,PAPUA_TRACE_V1,PUSGEN2024_POLYGON_METHOD_V1,5,45.0,N,14.1421,5.0,19.1421,DIP_AWARE_R_PLUS_WCOSDIP,NONVERTICAL_KNOWN_DIRECTION,2347.7471,2,156.8251,0.0668,True,True,True
PAP50,Papua,Papua Fold Thrust Belt,Waghete,R,No Update,177.0,20.0,45N,7.7,PAPUA_TRACE_V1,PUSGEN2024_POLYGON_METHOD_V1,5,45.0,N,14.1421,5.0,19.1421,DIP_AWARE_R_PLUS_WCOSDIP,NONVERTICAL_KNOWN_DIRECTION,4097.5792,3,157.0362,0.0383,True,True,True
PAP51,Papua,Tarera-Aiduna,Tarera-Aiduna North,SS-LL,Data Updated,114.0,20.0,90,7.4,PAPUA_TRACE_V1,PUSGEN2024_POLYGON_METHOD_V1,5,90.0,,0.0,5.0,5.0,VERTICAL_NEAR_VERTICAL_SYMMETRIC_R,VERTICAL_NEAR_VERTICAL,1219.5761,2,189.5263,0.1554,True,True,True
PAP52,Papua,Tarera-Aiduna,Tarera-Aiduna South,SS-LL,New,120.0,20.0,90,7.5,PAPUA_TRACE_V1,PUSGEN2024_POLYGON_METHOD_V1,5,90.0,,0.0,5.0,5.0,VERTICAL_NEAR_VERTICAL_SYMMETRIC_R,VERTICAL_NEAR_VERTICAL,1263.9986,1,596.877,0.4722,True,True,True
PAP53,Papua,Tarera-Aiduna,Tarera-Aiduna Central-1,SS-LL,Data Updated,181.0,20.0,90,7.7,PAPUA_TRACE_V1,PUSGEN2024_POLYGON_METHOD_V1,5,90.0,,0.0,5.0,5.0,VERTICAL_NEAR_VERTICAL_SYMMETRIC_R,VERTICAL_NEAR_VERTICAL,1945.3984,2,195.6891,0.1006,True,True,True
PAP54,Papua,Tarera-Aiduna,Tarera-Aiduna Central-2,SS-LL,New,87.0,20.0,90,7.3,PAPUA_TRACE_V1,PUSGEN2024_POLYGON_METHOD_V1,5,90.0,,0.0,5.0,5.0,VERTICAL_NEAR_VERTICAL_SYMMETRIC_R,VERTICAL_NEAR_VERTICAL,912.0886,1,143.3204,0.1571,True,True,True
PAP55,Papua,Aru Trough,Aru North,N,Data Updated,68.0,20.0,60W,6.9,PAPUA_TRACE_V1,PUSGEN2024_POLYGON_METHOD_V1,5,60.0,W,10.0,5.0,15.0,DIP_AWARE_R_PLUS_WCOSDIP,NONVERTICAL_KNOWN_DIRECTION,1498.5809,0,0.0,0.0,True,True,True
PAP56,Papua,Aru Trough,Aru East,N,Data Updated,256.0,20.0,60W,7.4,PAPUA_TRACE_V1,PUSGEN2024_POLYGON_METHOD_V1,5,60.0,W,10.0,5.0,15.0,DIP_AWARE_R_PLUS_WCOSDIP,NONVERTICAL_KNOWN_DIRECTION,5147.0892,2,3517.6883,0.6834,True,True,True
PAP57,Papua,Aru Trough,Aru West,N,Data Updated,163.0,20.0,60E,7.1,PAPUA_TRACE_V1,PUSGEN2024_POLYGON_METHOD_V1,5,60.0,E,10.0,5.0,15.0,DIP_AWARE_R_PLUS_WCOSDIP,NONVERTICAL_KNOWN_DIRECTION,3106.5798,2,3567.0375,1.1482,True,True,True
PAP58,Papua,Aru Trough,Aru South,N,Data Updated,106.0,20.0,60W,6.9,PAPUA_TRACE_V1,PUSGEN2024_POLYGON_METHOD_V1,5,60.0,W,10.0,5.0,15.0,DIP_AWARE_R_PLUS_WCOSDIP,NONVERTICAL_KNOWN_DIRECTION,2366.0451,1,1780.3463,0.7525,True,True,True
PAP59,Papua,Aru Trough,Kumawa East,N,New,81.0,20.0,60W,6.8,PAPUA_TRACE_V1,PUSGEN2024_POLYGON_METHOD_V1,5,60.0,W,10.0,5.0,15.0,DIP_AWARE_R_PLUS_WCOSDIP,NONVERTICAL_KNOWN_DIRECTION,1711.018,2,1759.7461,1.0285,True,True,True
PAP60,Papua,Aru Trough,Kumawa West,N,Data Updated,219.0,20.0,60E,7.3,PAPUA_TRACE_V1,PUSGEN2024_POLYGON_METHOD_V1,5,60.0,E,10.0,5.0,15.0,DIP_AWARE_R_PLUS_WCOSDIP,NONVERTICAL_KNOWN_DIRECTION,4895.5772,1,1780.3463,0.3637,True,True,True
PAP61,Papua,North Papua Thrust,North Papua Thrust East,R,Data Updated,583.0,20.0,15S,8.0,PAPUA_TRACE_V1,PUSGEN2024_POLYGON_METHOD_V1,5,15.0,S,19.3185,5.0,24.3185,DIP_AWARE_R_PLUS_WCOSDIP,NONVERTICAL_KNOWN_DIRECTION,17557.8918,5,1298.1706,0.0739,True,True,True
PAP62,Papua,North Papua Thrust,North Papua Thrust West,R,Data Updated,596.0,20.0,15S,8.2,PAPUA_TRACE_V1,PUSGEN2024_POLYGON_METHOD_V1,5,15.0,S,19.3185,5.0,24.3185,DIP_AWARE_R_PLUS_WCOSDIP,NONVERTICAL_KNOWN_DIRECTION,17948.2043,7,6874.0104,0.383,True,True,True
SUL01,Sulawesi,Tondano,Tondano,N,Data Updated,37.0,20.0,60NW,6.6,SULAWESI_TRACE_V1,PUSGEN2024_POLYGON_METHOD_V1,5,60.0,NW,10.0,5.0,15.0,DIP_AWARE_R_PLUS_WCOSDIP,NONVERTICAL_KNOWN_DIRECTION,733.426,2,849.7931,1.1587,True,True,True
SUL02,Sulawesi,Gorontalo,North,SS-RL,Data Updated,78.0,20.0,90,7.2,SULAWESI_TRACE_V1,PUSGEN2024_POLYGON_METHOD_V1,5,90.0,,0.0,5.0,5.0,VERTICAL_NEAR_VERTICAL_SYMMETRIC_R,VERTICAL_NEAR_VERTICAL,862.2012,1,46.4277,0.0538,True,True,True
SUL03,Sulawesi,Gorontalo,South,SS-RL,Data Updated,74.0,20.0,90,7.2,SULAWESI_TRACE_V1,PUSGEN2024_POLYGON_METHOD_V1,5,90.0,,0.0,5.0,5.0,VERTICAL_NEAR_VERTICAL_SYMMETRIC_R,VERTICAL_NEAR_VERTICAL,813.6225,2,270.5027,0.3325,True,True,True
SUL04,Sulawesi,Mootilango,Mootilango West,SS-LL,New,50.0,20.0,90,7.0,SULAWESI_TRACE_V1,PUSGEN2024_POLYGON_METHOD_V1,5,90.0,,0.0,5.0,5.0,VERTICAL_NEAR_VERTICAL_SYMMETRIC_R,VERTICAL_NEAR_VERTICAL,572.1385,5,902.2828,1.577,True,True,True
SUL05,Sulawesi,Mootilango,Mootilango East,SS-LL,New,30.0,20.0,90,6.9,SULAWESI_TRACE_V1,PUSGEN2024_POLYGON_METHOD_V1,5,90.0,,0.0,5.0,5.0,VERTICAL_NEAR_VERTICAL_SYMMETRIC_R,VERTICAL_NEAR_VERTICAL,372.166,3,644.0556,1.7306,True,True,True
SUL06,Sulawesi,Tilamuta,Patilonggio,SS-LL,New,42.0,20.0,90,6.9,SULAWESI_TRACE_V1,PUSGEN2024_POLYGON_METHOD_V1,5,90.0,,0.0,5.0,5.0,VERTICAL_NEAR_VERTICAL_SYMMETRIC_R,VERTICAL_NEAR_VERTICAL,523.7357,2,156.8272,0.2994,True,True,True
SUL07,Sulawesi,Tilamuta,Botumoito,SS-LL,New,32.0,20.0,90,6.7,SULAWESI_TRACE_V1,PUSGEN2024_POLYGON_METHOD_V1,5,90.0,,0.0,5.0,5.0,VERTICAL_NEAR_VERTICAL_SYMMETRIC_R,VERTICAL_NEAR_VERTICAL,417.7405,1,78.4136,0.1877,True,True,True
SUL08,Sulawesi,Tilamuta,Popayato,SS-LL,New,15.0,30.0,90,6.2,SULAWESI_TRACE_V1,PUSGEN2024_POLYGON_METHOD_V1,5,90.0,,0.0,5.0,5.0,VERTICAL_NEAR_VERTICAL_SYMMETRIC_R,VERTICAL_NEAR_VERTICAL,237.4381,2,156.8273,0.6605,True,True,True
SUL09,Sulawesi,Tilamuta,Lemito,N,New,30.0,20.0,60SE,6.5,SULAWESI_TRACE_V1,PUSGEN2024_POLYGON_METHOD_V1,5,60.0,SE,10.0,5.0,15.0,DIP_AWARE_R_PLUS_WCOSDIP,NONVERTICAL_KNOWN_DIRECTION,788.2006,1,224.075,0.2843,True,True,True
SUL10,Sulawesi,Tilamuta,Tiloan-2,SS-LL,New,44.0,20.0,90,6.9,SULAWESI_TRACE_V1,PUSGEN2024_POLYGON_METHOD_V1,5,90.0,,0.0,5.0,5.0,VERTICAL_NEAR_VERTICAL_SYMMETRIC_R,VERTICAL_NEAR_VERTICAL,544.6888,2,82.3003,0.1511,True,True,True
SUL11,Sulawesi,Tilamuta,Tiloan-1,SS-LL,New,30.0,20.0,90,6.7,SULAWESI_TRACE_V1,PUSGEN2024_POLYGON_METHOD_V1,5,90.0,,0.0,5.0,5.0,VERTICAL_NEAR_VERTICAL_SYMMETRIC_R,VERTICAL_NEAR_VERTICAL,396.3439,2,156.8272,0.3957,True,True,True
SUL12,Sulawesi,Buol,Kokobuka,N,New,32.0,20.0,60N,6.5,SULAWESI_TRACE_V1,PUSGEN2024_POLYGON_METHOD_V1,5,60.0,N,10.0,5.0,15.0,DIP_AWARE_R_PLUS_WCOSDIP,NONVERTICAL_KNOWN_DIRECTION,659.6282,5,683.3693,1.036,True,True,True
SUL13,Sulawesi,Buol,Biau,N,New,22.0,20.0,60N,6.3,SULAWESI_TRACE_V1,PUSGEN2024_POLYGON_METHOD_V1,5,60.0,N,10.0,5.0,15.0,DIP_AWARE_R_PLUS_WCOSDIP,NONVERTICAL_KNOWN_DIRECTION,485.611,3,302.8268,0.6236,True,True,True
SUL14,Sulawesi,Buol,Baolan,N,New,22.0,20.0,60N,6.3,SULAWESI_TRACE_V1,PUSGEN2024_POLYGON_METHOD_V1,5,60.0,N,10.0,5.0,15.0,DIP_AWARE_R_PLUS_WCOSDIP,NONVERTICAL_KNOWN_DIRECTION,462.5808,4,418.0529,0.9037,True,True,True
SUL15,Sulawesi,Tomini,Tomini,N,Data Updated,81.0,20.0,60S,6.8,SULAWESI_TRACE_V1,PUSGEN2024_POLYGON_METHOD_V1,5,60.0,S,10.0,5.0,15.0,DIP_AWARE_R_PLUS_WCOSDIP,NONVERTICAL_KNOWN_DIRECTION,1678.1812,0,0.0,0.0,True,True,True
SUL16,Sulawesi,West Ampana,West Ampana,N,New,80.0,20.0,60NW,7.0,SULAWESI_TRACE_V1,PUSGEN2024_POLYGON_METHOD_V1,5,60.0,NW,10.0,5.0,15.0,DIP_AWARE_R_PLUS_WCOSDIP,NONVERTICAL_KNOWN_DIRECTION,1580.3965,1,54.8859,0.0347,True,True,True
SUL17,Sulawesi,Togian,Togian South,N,New,66.0,20.0,60N,6.9,SULAWESI_TRACE_V1,PUSGEN2024_POLYGON_METHOD_V1,5,60.0,N,10.0,5.0,15.0,DIP_AWARE_R_PLUS_WCOSDIP,NONVERTICAL_KNOWN_DIRECTION,1545.5683,1,31.1011,0.0201,True,True,True
SUL18,Sulawesi,Togian,Togian North,N,New,40.0,20.0,60S,6.6,SULAWESI_TRACE_V1,PUSGEN2024_POLYGON_METHOD_V1,5,60.0,S,10.0,5.0,15.0,DIP_AWARE_R_PLUS_WCOSDIP,NONVERTICAL_KNOWN_DIRECTION,850.6905,1,9.1458,0.0108,True,True,True
SUL19,Sulawesi,Balantak,Siuna,SS-RL,New,142.0,20.0,90,7.6,SULAWESI_TRACE_V1,PUSGEN2024_POLYGON_METHOD_V1,5,90.0,,0.0,5.0,5.0,VERTICAL_NEAR_VERTICAL_SYMMETRIC_R,VERTICAL_NEAR_VERTICAL,1557.5485,5,1120.3017,0.7193,True,True,True
SUL20,Sulawesi,Balantak,Tombos,SS-RL,Data Updated,113.0,20.0,90,7.4,SULAWESI_TRACE_V1,PUSGEN2024_POLYGON_METHOD_V1,5,90.0,,0.0,5.0,5.0,VERTICAL_NEAR_VERTICAL_SYMMETRIC_R,VERTICAL_NEAR_VERTICAL,1317.8618,2,1176.8574,0.893,True,True,True
SUL21,Sulawesi,Balantak,Mamping,SS-RL,Data Updated,125.0,20.0,90,7.5,SULAWESI_TRACE_V1,PUSGEN2024_POLYGON_METHOD_V1,5,90.0,,0.0,5.0,5.0,VERTICAL_NEAR_VERTICAL_SYMMETRIC_R,VERTICAL_NEAR_VERTICAL,1383.4503,2,1128.7246,0.8159,True,True,True
SUL22,Sulawesi,Ambelang,Ambelang,R,Data Updated,52.0,20.0,45E,7.0,SULAWESI_TRACE_V1,PUSGEN2024_POLYGON_METHOD_V1,5,45.0,E,14.1421,5.0,19.1421,DIP_AWARE_R_PLUS_WCOSDIP,NONVERTICAL_KNOWN_DIRECTION,1272.7111,2,1306.8231,1.0268,True,True,True
SUL23,Sulawesi,Peleng,Peleng,SS-RL,Data Updated,111.0,20.0,90,7.4,SULAWESI_TRACE_V1,PUSGEN2024_POLYGON_METHOD_V1,5,90.0,,0.0,5.0,5.0,VERTICAL_NEAR_VERTICAL_SYMMETRIC_R,VERTICAL_NEAR_VERTICAL,1188.8286,1,49.6814,0.0418,True,True,True
SUL24,Sulawesi,Batui Thrust,Batui,R,Data Updated,85.0,20.0,45SE,7.3,SULAWESI_TRACE_V1,PUSGEN2024_POLYGON_METHOD_V1,5,45.0,SE,14.1421,5.0,19.1421,DIP_AWARE_R_PLUS_WCOSDIP,NONVERTICAL_KNOWN_DIRECTION,1940.6472,1,131.4095,0.0677,True,True,True
SUL25,Sulawesi,Maratua,Maratua,SS-LL,New,133.0,20.0,90,7.5,SULAWESI_TRACE_V1,PUSGEN2024_POLYGON_METHOD_V1,5,90.0,,0.0,5.0,5.0,VERTICAL_NEAR_VERTICAL_SYMMETRIC_R,VERTICAL_NEAR_VERTICAL,1347.0159,3,1505.9436,1.118,True,True,True
SUL26,Sulawesi,Makassar Strait Thrust,Mamuju,R,No Update,43.0,20.0,45E,7.0,SULAWESI_TRACE_V1,PUSGEN2024_POLYGON_METHOD_V1,5,45.0,E,14.1421,5.0,19.1421,DIP_AWARE_R_PLUS_WCOSDIP,NONVERTICAL_KNOWN_DIRECTION,1042.1595,1,57.2886,0.055,True,True,True
SUL27,Sulawesi,Makassar Strait Thrust,Somba,R,No Update,101.0,20.0,45E,7.4,SULAWESI_TRACE_V1,PUSGEN2024_POLYGON_METHOD_V1,5,45.0,E,14.1421,5.0,19.1421,DIP_AWARE_R_PLUS_WCOSDIP,NONVERTICAL_KNOWN_DIRECTION,2261.6162,0,0.0,0.0,True,True,True
SUL28,Sulawesi,Makassar Strait Thrust,Makassar Central,R,No Update,224.0,20.0,45E,7.8,SULAWESI_TRACE_V1,PUSGEN2024_POLYGON_METHOD_V1,5,45.0,E,14.1421,5.0,19.1421,DIP_AWARE_R_PLUS_WCOSDIP,NONVERTICAL_KNOWN_DIRECTION,5133.3776,1,57.2886,0.0112,True,True,True
SUL29,Sulawesi,Makassar Strait Thrust,Makassar North,R,No Update,131.0,20.0,45E,7.6,SULAWESI_TRACE_V1,PUSGEN2024_POLYGON_METHOD_V1,5,45.0,E,14.1421,5.0,19.1421,DIP_AWARE_R_PLUS_WCOSDIP,NONVERTICAL_KNOWN_DIRECTION,2896.3613,1,340.2455,0.1175,True,True,True
SUL30,Sulawesi,Palukoro,Palu-Saluki,SS-LL,Data Updated,176.0,20.0,90,7.7,SULAWESI_TRACE_V1,PUSGEN2024_POLYGON_METHOD_V1,5,90.0,,0.0,5.0,5.0,VERTICAL_NEAR_VERTICAL_SYMMETRIC_R,VERTICAL_NEAR_VERTICAL,1836.9253,3,194.3901,0.1058,True,True,True
SUL31,Sulawesi,Palukoro,Moa,SS-LL,Data Updated,89.0,20.0,90,7.3,SULAWESI_TRACE_V1,PUSGEN2024_POLYGON_METHOD_V1,5,90.0,,0.0,5.0,5.0,VERTICAL_NEAR_VERTICAL_SYMMETRIC_R,VERTICAL_NEAR_VERTICAL,967.3928,5,243.4956,0.2517,True,True,True
SUL32,Sulawesi,Palukoro,Tanimbaya-North,SS-LL,New,101.0,20.0,90,7.4,SULAWESI_TRACE_V1,PUSGEN2024_POLYGON_METHOD_V1,5,90.0,,0.0,5.0,5.0,VERTICAL_NEAR_VERTICAL_SYMMETRIC_R,VERTICAL_NEAR_VERTICAL,1088.0303,1,78.413,0.0721,True,True,True
SUL33,Sulawesi,Palukoro,Tanimbaya-South,SS-LL,Data Updated,94.0,20.0,90,7.3,SULAWESI_TRACE_V1,PUSGEN2024_POLYGON_METHOD_V1,5,90.0,,0.0,5.0,5.0,VERTICAL_NEAR_VERTICAL_SYMMETRIC_R,VERTICAL_NEAR_VERTICAL,1017.7792,2,156.8251,0.1541,True,True,True
SUL34,Sulawesi,Tambarana,Tambarana,SS-LL,New,83.0,20.0,90,7.2,SULAWESI_TRACE_V1,PUSGEN2024_POLYGON_METHOD_V1,5,90.0,,0.0,5.0,5.0,VERTICAL_NEAR_VERTICAL_SYMMETRIC_R,VERTICAL_NEAR_VERTICAL,932.1211,1,340.2455,0.365,True,True,True
SUL35,Sulawesi,Sausu,Sausu,SS,Data Updated,34.0,20.0,90,6.7,SULAWESI_TRACE_V1,PUSGEN2024_POLYGON_METHOD_V1,5,90.0,,0.0,5.0,5.0,VERTICAL_NEAR_VERTICAL_SYMMETRIC_R,VERTICAL_NEAR_VERTICAL,416.2684,3,181.5808,0.4362,True,True,True
SUL36,Sulawesi,Tokararu,Tokararu,R,Data Updated,61.0,20.0,45W,7.1,SULAWESI_TRACE_V1,PUSGEN2024_POLYGON_METHOD_V1,5,45.0,W,14.1421,5.0,19.1421,DIP_AWARE_R_PLUS_WCOSDIP,NONVERTICAL_KNOWN_DIRECTION,1338.0562,2,231.3151,0.1729,True,True,True
SUL37,Sulawesi,Palolo,Palolo B,N,No Update,24.0,20.0,60N,6.3,SULAWESI_TRACE_V1,PUSGEN2024_POLYGON_METHOD_V1,5,60.0,N,10.0,5.0,15.0,DIP_AWARE_R_PLUS_WCOSDIP,NONVERTICAL_KNOWN_DIRECTION,591.5627,3,270.6863,0.4576,True,True,True
SUL38,Sulawesi,Palolo,Palolo A,N,No Update,35.0,20.0,60S,6.5,SULAWESI_TRACE_V1,PUSGEN2024_POLYGON_METHOD_V1,5,60.0,S,10.0,5.0,15.0,DIP_AWARE_R_PLUS_WCOSDIP,NONVERTICAL_KNOWN_DIRECTION,689.0788,2,226.8101,0.3291,True,True,True
SUL39,Sulawesi,Maleei,Maleei,R,Data Updated,75.0,20.0,45E,7.2,SULAWESI_TRACE_V1,PUSGEN2024_POLYGON_METHOD_V1,5,45.0,E,14.1421,5.0,19.1421,DIP_AWARE_R_PLUS_WCOSDIP,NONVERTICAL_KNOWN_DIRECTION,1788.7712,7,843.5091,0.4716,True,True,True
SUL40,Sulawesi,Napu Thrust,Napu Thrust,R,Data Updated,10.0,20.0,45W,6.1,SULAWESI_TRACE_V1,PUSGEN2024_POLYGON_METHOD_V1,5,45.0,W,14.1421,5.0,19.1421,DIP_AWARE_R_PLUS_WCOSDIP,NONVERTICAL_KNOWN_DIRECTION,330.0816,3,556.114,1.6848,True,True,True
SUL41,Sulawesi,Bada NNE,Bulili,N,No Update,28.0,20.0,60W,6.4,SULAWESI_TRACE_V1,PUSGEN2024_POLYGON_METHOD_V1,5,60.0,W,10.0,5.0,15.0,DIP_AWARE_R_PLUS_WCOSDIP,NONVERTICAL_KNOWN_DIRECTION,604.8119,5,784.3542,1.2969,True,True,True
SUL42,Sulawesi,Bada WSW,Tuare,N,No Update,17.0,20.0,60S,6.1,SULAWESI_TRACE_V1,PUSGEN2024_POLYGON_METHOD_V1,5,60.0,S,10.0,5.0,15.0,DIP_AWARE_R_PLUS_WCOSDIP,NONVERTICAL_KNOWN_DIRECTION,371.0778,4,440.3008,1.1865,True,True,True
SUL43,Sulawesi,Besoa Fault EW,Besoa EW,N,No Update,7.0,20.0,60N,5.5,SULAWESI_TRACE_V1,PUSGEN2024_POLYGON_METHOD_V1,5,60.0,N,10.0,5.0,15.0,DIP_AWARE_R_PLUS_WCOSDIP,NONVERTICAL_KNOWN_DIRECTION,213.128,2,241.9914,1.1354,True,True,True
SUL44,Sulawesi,Besoa Fault NW,Doda,N,Data Updated,10.0,20.0,60E,5.9,SULAWESI_TRACE_V1,PUSGEN2024_POLYGON_METHOD_V1,5,60.0,E,10.0,5.0,15.0,DIP_AWARE_R_PLUS_WCOSDIP,NONVERTICAL_KNOWN_DIRECTION,297.8695,4,421.3099,1.4144,True,True,True
SUL45,Sulawesi,Poso,Poso East,SS-LL,Data Updated,60.0,20.0,90,6.8,SULAWESI_TRACE_V1,PUSGEN2024_POLYGON_METHOD_V1,5,90.0,,0.0,5.0,5.0,VERTICAL_NEAR_VERTICAL_SYMMETRIC_R,VERTICAL_NEAR_VERTICAL,678.1983,1,47.475,0.07,True,True,True
SUL46,Sulawesi,Poso,Poso South,SS-LL,Data Updated,27.0,20.0,90,6.6,SULAWESI_TRACE_V1,PUSGEN2024_POLYGON_METHOD_V1,5,90.0,,0.0,5.0,5.0,VERTICAL_NEAR_VERTICAL_SYMMETRIC_R,VERTICAL_NEAR_VERTICAL,344.0262,1,47.475,0.138,True,True,True
SUL47,Sulawesi,Poso,Poso West,SS-LL,Data Updated,55.0,20.0,90,7.0,SULAWESI_TRACE_V1,PUSGEN2024_POLYGON_METHOD_V1,5,90.0,,0.0,5.0,5.0,VERTICAL_NEAR_VERTICAL_SYMMETRIC_R,VERTICAL_NEAR_VERTICAL,628.0984,1,392.9869,0.6257,True,True,True
SUL48,Sulawesi,Loa,Loa,SS,Data Updated,15.0,20.0,90,6.2,SULAWESI_TRACE_V1,PUSGEN2024_POLYGON_METHOD_V1,5,90.0,,0.0,5.0,5.0,VERTICAL_NEAR_VERTICAL_SYMMETRIC_R,VERTICAL_NEAR_VERTICAL,226.2237,2,270.4967,1.1957,True,True,True
SUL49,Sulawesi,Peonea,Peonea,R,New,29.0,20.0,45E,6.7,SULAWESI_TRACE_V1,PUSGEN2024_POLYGON_METHOD_V1,5,45.0,E,14.1421,5.0,19.1421,DIP_AWARE_R_PLUS_WCOSDIP,NONVERTICAL_KNOWN_DIRECTION,668.677,3,304.034,0.4547,True,True,True
SUL50,Sulawesi,Weluki,Weluki,R,Data Updated,75.0,20.0,45W,7.2,SULAWESI_TRACE_V1,PUSGEN2024_POLYGON_METHOD_V1,5,45.0,W,14.1421,5.0,19.1421,DIP_AWARE_R_PLUS_WCOSDIP,NONVERTICAL_KNOWN_DIRECTION,1719.2269,1,5.9719,0.0035,True,True,True
SUL51,Sulawesi,Tiu,Tiu,SS-LL,New,11.0,20.0,90,6.0,SULAWESI_TRACE_V1,PUSGEN2024_POLYGON_METHOD_V1,5,90.0,,0.0,5.0,5.0,VERTICAL_NEAR_VERTICAL_SYMMETRIC_R,VERTICAL_NEAR_VERTICAL,187.467,1,5.9719,0.0319,True,True,True
SUL52,Sulawesi,Matano,Pamsoa-Geresa,SS-LL,Data Updated,141.0,20.0,90,7.6,SULAWESI_TRACE_V1,PUSGEN2024_POLYGON_METHOD_V1,5,90.0,,0.0,5.0,5.0,VERTICAL_NEAR_VERTICAL_SYMMETRIC_R,VERTICAL_NEAR_VERTICAL,1531.4216,3,389.4033,0.2543,True,True,True
SUL53,Sulawesi,Matano,Kulueana-Matano,SS-LL,Data Updated,113.0,20.0,90,7.4,SULAWESI_TRACE_V1,PUSGEN2024_POLYGON_METHOD_V1,5,90.0,,0.0,5.0,5.0,VERTICAL_NEAR_VERTICAL_SYMMETRIC_R,VERTICAL_NEAR_VERTICAL,1242.2877,6,716.7761,0.577,True,True,True
SUL54,Sulawesi,Matano,Kolono-2,SS-LL,Data Updated,77.0,20.0,90,7.2,SULAWESI_TRACE_V1,PUSGEN2024_POLYGON_METHOD_V1,5,90.0,,0.0,5.0,5.0,VERTICAL_NEAR_VERTICAL_SYMMETRIC_R,VERTICAL_NEAR_VERTICAL,911.7503,4,505.7081,0.5547,True,True,True
SUL55,Sulawesi,Matano,Kolono-1,SS-LL,Data Updated,32.0,20.0,90,6.7,SULAWESI_TRACE_V1,PUSGEN2024_POLYGON_METHOD_V1,5,90.0,,0.0,5.0,5.0,VERTICAL_NEAR_VERTICAL_SYMMETRIC_R,VERTICAL_NEAR_VERTICAL,402.2389,1,153.9812,0.3828,True,True,True
SUL56,Sulawesi,Soroako Thrust,Soroako A,R,No Update,25.0,20.0,45E,6.6,SULAWESI_TRACE_V1,PUSGEN2024_POLYGON_METHOD_V1,5,45.0,E,14.1421,5.0,19.1421,DIP_AWARE_R_PLUS_WCOSDIP,NONVERTICAL_KNOWN_DIRECTION,603.0814,4,543.2639,0.9008,True,True,True
SUL57,Sulawesi,Soroako Thrust,Soroako B,R,No Update,23.0,20.0,45E,6.6,SULAWESI_TRACE_V1,PUSGEN2024_POLYGON_METHOD_V1,5,45.0,E,14.1421,5.0,19.1421,DIP_AWARE_R_PLUS_WCOSDIP,NONVERTICAL_KNOWN_DIRECTION,602.1443,3,656.8169,1.0908,True,True,True
SUL58,Sulawesi,Soroako Thrust,Soroako C,R,No Update,15.0,20.0,45E,6.3,SULAWESI_TRACE_V1,PUSGEN2024_POLYGON_METHOD_V1,5,45.0,E,14.1421,5.0,19.1421,DIP_AWARE_R_PLUS_WCOSDIP,NONVERTICAL_KNOWN_DIRECTION,426.2014,3,582.4393,1.3666,True,True,True
SUL59,Sulawesi,Manui,Manui,SS-LL,New,128.0,20.0,90,7.5,SULAWESI_TRACE_V1,PUSGEN2024_POLYGON_METHOD_V1,5,90.0,,0.0,5.0,5.0,VERTICAL_NEAR_VERTICAL_SYMMETRIC_R,VERTICAL_NEAR_VERTICAL,1341.3183,4,731.2846,0.5452,True,True,True
SUL60,Sulawesi,Tolo Thrust,Tolo Thrust,R,Data Updated,166.0,20.0,45W,7.6,SULAWESI_TRACE_V1,PUSGEN2024_POLYGON_METHOD_V1,5,45.0,W,14.1421,5.0,19.1421,DIP_AWARE_R_PLUS_WCOSDIP,NONVERTICAL_KNOWN_DIRECTION,3848.0946,2,206.496,0.0537,True,True,True
SUL61,Sulawesi,Lawanopo,Lawanopo,SS-LL,Data Updated,140.0,20.0,90,7.6,SULAWESI_TRACE_V1,PUSGEN2024_POLYGON_METHOD_V1,5,90.0,,0.0,5.0,5.0,VERTICAL_NEAR_VERTICAL_SYMMETRIC_R,VERTICAL_NEAR_VERTICAL,1473.4783,0,0.0,0.0,True,True,True
SUL62,Sulawesi,Kendari,Kendari South,SS,No Update,10.0,20.0,90,5.9,SULAWESI_TRACE_V1,PUSGEN2024_POLYGON_METHOD_V1,5,90.0,,0.0,5.0,5.0,VERTICAL_NEAR_VERTICAL_SYMMETRIC_R,VERTICAL_NEAR_VERTICAL,178.7303,0,0.0,0.0,True,True,True
SUL63,Sulawesi,Kendari,Kendari Central,SS,No Update,10.0,20.0,90,5.9,SULAWESI_TRACE_V1,PUSGEN2024_POLYGON_METHOD_V1,5,90.0,,0.0,5.0,5.0,VERTICAL_NEAR_VERTICAL_SYMMETRIC_R,VERTICAL_NEAR_VERTICAL,179.5984,0,0.0,0.0,True,True,True
SUL64,Sulawesi,Kendari,Kendari North,SS,Data Updated,90.0,20.0,90,7.3,SULAWESI_TRACE_V1,PUSGEN2024_POLYGON_METHOD_V1,5,90.0,,0.0,5.0,5.0,VERTICAL_NEAR_VERTICAL_SYMMETRIC_R,VERTICAL_NEAR_VERTICAL,954.2756,0,0.0,0.0,True,True,True
SUL65,Sulawesi,Pelosika,Pelosika,SS-RL,New,31.0,20.0,90,6.6,SULAWESI_TRACE_V1,PUSGEN2024_POLYGON_METHOD_V1,5,90.0,,0.0,5.0,5.0,VERTICAL_NEAR_VERTICAL_SYMMETRIC_R,VERTICAL_NEAR_VERTICAL,374.9616,1,54.8859,0.1464,True,True,True
SUL66,Sulawesi,Kolaka,Kolaka North,SS-LL,New,114.0,20.0,90,7.4,SULAWESI_TRACE_V1,PUSGEN2024_POLYGON_METHOD_V1,5,90.0,,0.0,5.0,5.0,VERTICAL_NEAR_VERTICAL_SYMMETRIC_R,VERTICAL_NEAR_VERTICAL,1227.8437,1,78.4129,0.0639,True,True,True
SUL67,Sulawesi,Kolaka,Kolaka South1,SS-LL,New,85.0,20.0,90,7.3,SULAWESI_TRACE_V1,PUSGEN2024_POLYGON_METHOD_V1,5,90.0,,0.0,5.0,5.0,VERTICAL_NEAR_VERTICAL_SYMMETRIC_R,VERTICAL_NEAR_VERTICAL,935.8419,1,78.4131,0.0838,True,True,True
SUL68,Sulawesi,Kolaka,Kolaka South2,SS-LL,New,42.0,20.0,90,6.9,SULAWESI_TRACE_V1,PUSGEN2024_POLYGON_METHOD_V1,5,90.0,,0.0,5.0,5.0,VERTICAL_NEAR_VERTICAL_SYMMETRIC_R,VERTICAL_NEAR_VERTICAL,469.5751,1,39.5547,0.0842,True,True,True
SUL69,Sulawesi,Kolaka,Kolaka Central,SS-LL,New,82.0,20.0,90,7.2,SULAWESI_TRACE_V1,PUSGEN2024_POLYGON_METHOD_V1,5,90.0,,0.0,5.0,5.0,VERTICAL_NEAR_VERTICAL_SYMMETRIC_R,VERTICAL_NEAR_VERTICAL,905.4839,2,156.826,0.1732,True,True,True
SUL70,Sulawesi,Buton,Buton A,N,No Update,34.0,20.0,60E,6.5,SULAWESI_TRACE_V1,PUSGEN2024_POLYGON_METHOD_V1,5,60.0,E,10.0,5.0,15.0,DIP_AWARE_R_PLUS_WCOSDIP,NONVERTICAL_KNOWN_DIRECTION,586.9209,2,97.4183,0.166,True,True,True
SUL71,Sulawesi,Buton,Buton B,SS,No Update,68.0,20.0,SS,7.1,SULAWESI_TRACE_V1,PUSGEN2024_POLYGON_METHOD_V1,5,,S,,5.0,5.0,INVALID_OR_MISSING_DIP_SYMMETRIC_R,INVALID_OR_MISSING,757.1421,1,57.8636,0.0764,True,True,True
SUL72,Sulawesi,Belopa,Belopa,SS,New,16.0,20.0,SS,6.4,SULAWESI_TRACE_V1,PUSGEN2024_POLYGON_METHOD_V1,5,,S,,5.0,5.0,INVALID_OR_MISSING_DIP_SYMMETRIC_R,INVALID_OR_MISSING,238.7043,0,0.0,0.0,True,True,True
SUL73,Sulawesi,West Walanae,West Walanae,SS,Data Updated,78.0,20.0,SS,7.2,SULAWESI_TRACE_V1,PUSGEN2024_POLYGON_METHOD_V1,5,,S,,5.0,5.0,INVALID_OR_MISSING_DIP_SYMMETRIC_R,INVALID_OR_MISSING,840.2876,0,0.0,0.0,True,True,True
SUL74,Sulawesi,East Walanae,East Walanae,R,Data Updated,68.0,20.0,45E,7.2,SULAWESI_TRACE_V1,PUSGEN2024_POLYGON_METHOD_V1,5,45.0,E,14.1421,5.0,19.1421,DIP_AWARE_R_PLUS_WCOSDIP,NONVERTICAL_KNOWN_DIRECTION,1774.2786,0,0.0,0.0,True,True,True
SUL75,Sulawesi,Hamilton Fault,Hamilton Fault,SS-LL,Data Updated,212.0,20.0,90,7.8,SULAWESI_TRACE_V1,PUSGEN2024_POLYGON_METHOD_V1,5,90.0,,0.0,5.0,5.0,VERTICAL_NEAR_VERTICAL_SYMMETRIC_R,VERTICAL_NEAR_VERTICAL,1989.6475,2,1400.1159,0.7037,True,True,True
SUL76,Sulawesi,Selayar Fault,Selayar East,N,Data Updated,176.0,20.0,60W,7.2,SULAWESI_TRACE_V1,PUSGEN2024_POLYGON_METHOD_V1,5,60.0,W,10.0,5.0,15.0,DIP_AWARE_R_PLUS_WCOSDIP,NONVERTICAL_KNOWN_DIRECTION,3575.7092,2,1777.1052,0.497,True,True,True
SUL77,Sulawesi,Selayar Fault,Selayar West,N,Data Updated,156.0,20.0,60E,7.2,SULAWESI_TRACE_V1,PUSGEN2024_POLYGON_METHOD_V1,5,60.0,E,10.0,5.0,15.0,DIP_AWARE_R_PLUS_WCOSDIP,NONVERTICAL_KNOWN_DIRECTION,3161.3058,1,1776.2159,0.5619,True,True,True
SUM01,Sumatra,Sagaing Fault,Sagaing,SS-RL,New,303.0,20.0,90,7.0,SUMATRA_TRACE_V1,PUSGEN2024_POLYGON_METHOD_V1,5,90.0,,0.0,5.0,5.0,VERTICAL_NEAR_VERTICAL_SYMMETRIC_R,VERTICAL_NEAR_VERTICAL,3103.2096,3,126.1237,0.0406,True,True,True
SUM02,Sumatra,Andaman Spreading Ridge,Andaman North 2,N,Data Updated,202.0,20.0,60S,8.0,SUMATRA_TRACE_V1,PUSGEN2024_POLYGON_METHOD_V1,5,60.0,S,10.0,5.0,15.0,DIP_AWARE_R_PLUS_WCOSDIP,NONVERTICAL_KNOWN_DIRECTION,4061.8371,1,115.9086,0.0285,True,True,True
SUM03,Sumatra,Andaman Spreading Ridge,Andaman North 1,N,Data Updated,173.0,20.0,60S,8.0,SUMATRA_TRACE_V1,PUSGEN2024_POLYGON_METHOD_V1,5,60.0,S,10.0,5.0,15.0,DIP_AWARE_R_PLUS_WCOSDIP,NONVERTICAL_KNOWN_DIRECTION,3463.4044,2,1866.507,0.5389,True,True,True
SUM04,Sumatra,Andaman Spreading Ridge,Andaman South 1,N,Data Updated,178.0,20.0,60N,8.0,SUMATRA_TRACE_V1,PUSGEN2024_POLYGON_METHOD_V1,5,60.0,N,10.0,5.0,15.0,DIP_AWARE_R_PLUS_WCOSDIP,NONVERTICAL_KNOWN_DIRECTION,3581.2455,2,1874.4303,0.5234,True,True,True
SUM05,Sumatra,Andaman Spreading Ridge,Andaman South 2,N,Data Updated,220.0,20.0,60N,8.0,SUMATRA_TRACE_V1,PUSGEN2024_POLYGON_METHOD_V1,5,60.0,N,10.0,5.0,15.0,DIP_AWARE_R_PLUS_WCOSDIP,NONVERTICAL_KNOWN_DIRECTION,4403.4656,0,0.0,0.0,True,True,True
SUM06,Sumatra,West Andaman Fault,WAF Central,SS,No Update,172.0,20.0,90,7.3,SUMATRA_TRACE_V1,PUSGEN2024_POLYGON_METHOD_V1,5,90.0,,0.0,5.0,5.0,VERTICAL_NEAR_VERTICAL_SYMMETRIC_R,VERTICAL_NEAR_VERTICAL,1766.9756,1,1766.9583,1.0,True,True,True
SUM07,Sumatra,West Andaman Fault,WAF South (Simulue),SS,Data Updated,200.0,20.0,90,7.8,SUMATRA_TRACE_V1,PUSGEN2024_POLYGON_METHOD_V1,5,90.0,,0.0,5.0,5.0,VERTICAL_NEAR_VERTICAL_SYMMETRIC_R,VERTICAL_NEAR_VERTICAL,2052.5492,0,0.0,0.0,True,True,True
SUM08,Sumatra,West Andaman Fault,WAF North-East,SS,Data Updated,676.0,20.0,90,8.0,SUMATRA_TRACE_V1,PUSGEN2024_POLYGON_METHOD_V1,5,90.0,,0.0,5.0,5.0,VERTICAL_NEAR_VERTICAL_SYMMETRIC_R,VERTICAL_NEAR_VERTICAL,6714.5071,0,0.0,0.0,True,True,True
SUM09,Sumatra,West Andaman Fault,WAF North-West,SS,Data Updated,485.0,20.0,90,8.0,SUMATRA_TRACE_V1,PUSGEN2024_POLYGON_METHOD_V1,5,90.0,,0.0,5.0,5.0,VERTICAL_NEAR_VERTICAL_SYMMETRIC_R,VERTICAL_NEAR_VERTICAL,4823.167,1,688.0834,0.1427,True,True,True
SUM10,Sumatra,West Andaman Backthrust,WAB North,R,Data Updated,542.0,20.0,45W,7.9,SUMATRA_TRACE_V1,PUSGEN2024_POLYGON_METHOD_V1,5,45.0,W,14.1421,5.0,19.1421,DIP_AWARE_R_PLUS_WCOSDIP,NONVERTICAL_KNOWN_DIRECTION,13212.204,1,688.0834,0.0521,True,True,True
SUM11,Sumatra,West Andaman Backthrust,WAB South,R,Data Updated,464.0,20.0,45W,7.9,SUMATRA_TRACE_V1,PUSGEN2024_POLYGON_METHOD_V1,5,45.0,W,14.1421,5.0,19.1421,DIP_AWARE_R_PLUS_WCOSDIP,NONVERTICAL_KNOWN_DIRECTION,11192.1835,1,1766.9583,0.1579,True,True,True
SUM12,Sumatra,Sumatran Fault,Nicobar,SS,Data Updated,164.0,20.0,90,7.7,SUMATRA_TRACE_V1,PUSGEN2024_POLYGON_METHOD_V1,5,90.0,,0.0,5.0,5.0,VERTICAL_NEAR_VERTICAL_SYMMETRIC_R,VERTICAL_NEAR_VERTICAL,1691.3041,0,0.0,0.0,True,True,True
SUM13,Sumatra,Sumatran Fault,Aceh-North,SS,No Update,65.0,20.0,90,7.1,SUMATRA_TRACE_V1,PUSGEN2024_POLYGON_METHOD_V1,5,90.0,,0.0,5.0,5.0,VERTICAL_NEAR_VERTICAL_SYMMETRIC_R,VERTICAL_NEAR_VERTICAL,717.403,1,36.6012,0.051,True,True,True
SUM14,Sumatra,Sumatran Fault,Aceh-Central,SS,No Update,142.0,20.0,90,7.6,SUMATRA_TRACE_V1,PUSGEN2024_POLYGON_METHOD_V1,5,90.0,,0.0,5.0,5.0,VERTICAL_NEAR_VERTICAL_SYMMETRIC_R,VERTICAL_NEAR_VERTICAL,1486.0258,4,419.9954,0.2826,True,True,True
SUM15,Sumatra,Sumatran Fault,Aceh-South,SS,Data Updated,27.0,20.0,90,6.6,SUMATRA_TRACE_V1,PUSGEN2024_POLYGON_METHOD_V1,5,90.0,,0.0,5.0,5.0,VERTICAL_NEAR_VERTICAL_SYMMETRIC_R,VERTICAL_NEAR_VERTICAL,346.9401,4,189.2192,0.5454,True,True,True
SUM16,Sumatra,Sumatran Fault,Seulimeum-North,SS,Data Updated,222.0,20.0,90,7.4,SUMATRA_TRACE_V1,PUSGEN2024_POLYGON_METHOD_V1,5,90.0,,0.0,5.0,5.0,VERTICAL_NEAR_VERTICAL_SYMMETRIC_R,VERTICAL_NEAR_VERTICAL,2265.6238,1,42.7131,0.0189,True,True,True
SUM17,Sumatra,Sumatran Fault,Seulimeum-South,SS,Data Updated,38.0,20.0,90,6.8,SUMATRA_TRACE_V1,PUSGEN2024_POLYGON_METHOD_V1,5,90.0,,0.0,5.0,5.0,VERTICAL_NEAR_VERTICAL_SYMMETRIC_R,VERTICAL_NEAR_VERTICAL,452.4864,3,219.8847,0.4859,True,True,True
SUM18,Sumatra,Sumatran Fault,Tripa1-Thrust,R,Data Updated,33.0,20.0,45W,6.8,SUMATRA_TRACE_V1,PUSGEN2024_POLYGON_METHOD_V1,5,45.0,W,14.1421,5.0,19.1421,DIP_AWARE_R_PLUS_WCOSDIP,NONVERTICAL_KNOWN_DIRECTION,714.5089,3,219.4066,0.3071,True,True,True
SUM19,Sumatra,Sumatran Fault,Tripa 2,SS,Data Updated,105.0,20.0,90,7.4,SUMATRA_TRACE_V1,PUSGEN2024_POLYGON_METHOD_V1,5,90.0,,0.0,5.0,5.0,VERTICAL_NEAR_VERTICAL_SYMMETRIC_R,VERTICAL_NEAR_VERTICAL,1122.9514,4,242.8558,0.2163,True,True,True
SUM20,Sumatra,Sumatran Fault,Tripa 3,SS,Data Updated,69.0,20.0,90,7.2,SUMATRA_TRACE_V1,PUSGEN2024_POLYGON_METHOD_V1,5,90.0,,0.0,5.0,5.0,VERTICAL_NEAR_VERTICAL_SYMMETRIC_R,VERTICAL_NEAR_VERTICAL,830.8985,2,165.7193,0.1994,True,True,True
SUM21,Sumatra,Sumatran Fault,Tripa 4,SS,Data Updated,55.0,50.0,90,7.0,SUMATRA_TRACE_V1,PUSGEN2024_POLYGON_METHOD_V1,5,90.0,,0.0,5.0,5.0,VERTICAL_NEAR_VERTICAL_SYMMETRIC_R,VERTICAL_NEAR_VERTICAL,625.6302,3,101.6412,0.1625,True,True,True
SUM22,Sumatra,Sumatran Fault,Tripa 5,SS,Data Updated,21.0,50.0,90,6.5,SUMATRA_TRACE_V1,PUSGEN2024_POLYGON_METHOD_V1,5,90.0,,0.0,5.0,5.0,VERTICAL_NEAR_VERTICAL_SYMMETRIC_R,VERTICAL_NEAR_VERTICAL,290.7544,3,149.692,0.5148,True,True,True
SUM23,Sumatra,Sumatran Fault,Batee A,SS,Data Updated,45.0,20.0,90,6.7,SUMATRA_TRACE_V1,PUSGEN2024_POLYGON_METHOD_V1,5,90.0,,0.0,5.0,5.0,VERTICAL_NEAR_VERTICAL_SYMMETRIC_R,VERTICAL_NEAR_VERTICAL,519.4225,3,271.0322,0.5218,True,True,True
SUM24,Sumatra,Sumatran Fault,Batee B,SS,Data Updated,50.0,20.0,90,6.2,SUMATRA_TRACE_V1,PUSGEN2024_POLYGON_METHOD_V1,5,90.0,,0.0,5.0,5.0,VERTICAL_NEAR_VERTICAL_SYMMETRIC_R,VERTICAL_NEAR_VERTICAL,576.6397,2,74.6301,0.1294,True,True,True
SUM25,Sumatra,Sumatran Fault,Batee C,SS,Data Updated,37.0,28.0,90,7.0,SUMATRA_TRACE_V1,PUSGEN2024_POLYGON_METHOD_V1,5,90.0,,0.0,5.0,5.0,VERTICAL_NEAR_VERTICAL_SYMMETRIC_R,VERTICAL_NEAR_VERTICAL,444.3933,1,48.0338,0.1081,True,True,True
SUM26,Sumatra,Sumatran Fault,Renun,SS,Data Updated,195.0,28.0,90,7.8,SUMATRA_TRACE_V1,PUSGEN2024_POLYGON_METHOD_V1,5,90.0,,0.0,5.0,5.0,VERTICAL_NEAR_VERTICAL_SYMMETRIC_R,VERTICAL_NEAR_VERTICAL,2028.9517,2,265.2734,0.1307,True,True,True
SUM27,Sumatra,Sumatran Fault,Samosir,SS,New,32.0,20.0,90,7.0,SUMATRA_TRACE_V1,PUSGEN2024_POLYGON_METHOD_V1,5,90.0,,0.0,5.0,5.0,VERTICAL_NEAR_VERTICAL_SYMMETRIC_R,VERTICAL_NEAR_VERTICAL,402.1484,0,0.0,0.0,True,True,True
SUM28,Sumatra,Sumatran Fault,Toru-1,SS,Data Updated,75.0,20.0,90,7.2,SUMATRA_TRACE_V1,PUSGEN2024_POLYGON_METHOD_V1,5,90.0,,0.0,5.0,5.0,VERTICAL_NEAR_VERTICAL_SYMMETRIC_R,VERTICAL_NEAR_VERTICAL,844.8768,3,423.2803,0.501,True,True,True
SUM29,Sumatra,Sumatran Fault,Toru-2,SS,New,29.0,20.0,90,6.6,SUMATRA_TRACE_V1,PUSGEN2024_POLYGON_METHOD_V1,5,90.0,,0.0,5.0,5.0,VERTICAL_NEAR_VERTICAL_SYMMETRIC_R,VERTICAL_NEAR_VERTICAL,374.7798,4,207.4837,0.5536,True,True,True
SUM30,Sumatra,Sumatran Fault,Angkola-Main,SS,Data Updated,130.0,20.0,90,7.5,SUMATRA_TRACE_V1,PUSGEN2024_POLYGON_METHOD_V1,5,90.0,,0.0,5.0,5.0,VERTICAL_NEAR_VERTICAL_SYMMETRIC_R,VERTICAL_NEAR_VERTICAL,1324.7134,9,1547.5656,1.1682,True,True,True
SUM31,Sumatra,Sumatran Fault,Angkola-Normal,N,New,35.0,20.0,60,6.5,SUMATRA_TRACE_V1,PUSGEN2024_POLYGON_METHOD_V1,5,60.0,,10.0,10.0,10.0,NONVERTICAL_MISSING_DIPDIR_SYMMETRIC_R_PLUS_H2,NONVERTICAL_MISSING_DIRECTION,834.8283,5,678.9809,0.8133,True,True,True
SUM32,Sumatra,Sumatran Fault,Angkola-South A,SS,New,47.0,20.0,90,7.0,SUMATRA_TRACE_V1,PUSGEN2024_POLYGON_METHOD_V1,5,90.0,,0.0,5.0,5.0,VERTICAL_NEAR_VERTICAL_SYMMETRIC_R,VERTICAL_NEAR_VERTICAL,581.2833,5,801.4277,1.3787,True,True,True
SUM33,Sumatra,Sumatran Fault,Angkola-South B,SS,New,30.0,25.0,90,6.6,SUMATRA_TRACE_V1,PUSGEN2024_POLYGON_METHOD_V1,5,90.0,,0.0,5.0,5.0,VERTICAL_NEAR_VERTICAL_SYMMETRIC_R,VERTICAL_NEAR_VERTICAL,353.2711,5,679.7006,1.924,True,True,True
SUM34,Sumatra,Sumatran Fault,Talamau,SS,New,29.0,20.0,90,6.1,SUMATRA_TRACE_V1,PUSGEN2024_POLYGON_METHOD_V1,5,90.0,,0.0,5.0,5.0,VERTICAL_NEAR_VERTICAL_SYMMETRIC_R,VERTICAL_NEAR_VERTICAL,363.3905,1,160.627,0.442,True,True,True
SUM35,Sumatra,Sumatran Fault,Barumun,SS,Data Updated,123.0,30.0,90,7.5,SUMATRA_TRACE_V1,PUSGEN2024_POLYGON_METHOD_V1,5,90.0,,0.0,5.0,5.0,VERTICAL_NEAR_VERTICAL_SYMMETRIC_R,VERTICAL_NEAR_VERTICAL,1341.528,3,189.4863,0.1412,True,True,True
SUM36,Sumatra,Sumatran Fault,Sumpur,SS,Data Updated,48.0,20.0,90,6.7,SUMATRA_TRACE_V1,PUSGEN2024_POLYGON_METHOD_V1,5,90.0,,0.0,5.0,5.0,VERTICAL_NEAR_VERTICAL_SYMMETRIC_R,VERTICAL_NEAR_VERTICAL,560.4373,2,161.8111,0.2887,True,True,True
SUM37,Sumatra,Sumatran Fault,Sianok,SS,Data Updated,94.0,20.0,90,7.3,SUMATRA_TRACE_V1,PUSGEN2024_POLYGON_METHOD_V1,5,90.0,,0.0,5.0,5.0,VERTICAL_NEAR_VERTICAL_SYMMETRIC_R,VERTICAL_NEAR_VERTICAL,1014.0565,2,264.6543,0.261,True,True,True
SUM38,Sumatra,Sumatran Fault,Sumani,SS,Data Updated,67.0,30.0,90,7.1,SUMATRA_TRACE_V1,PUSGEN2024_POLYGON_METHOD_V1,5,90.0,,0.0,5.0,5.0,VERTICAL_NEAR_VERTICAL_SYMMETRIC_R,VERTICAL_NEAR_VERTICAL,749.6754,2,263.6863,0.3517,True,True,True
SUM39,Sumatra,Sumatran Fault,Suliti,SS,Data Updated,101.0,30.0,90,7.4,SUMATRA_TRACE_V1,PUSGEN2024_POLYGON_METHOD_V1,5,90.0,,0.0,5.0,5.0,VERTICAL_NEAR_VERTICAL_SYMMETRIC_R,VERTICAL_NEAR_VERTICAL,1102.7555,2,247.7289,0.2246,True,True,True
SUM40,Sumatra,Sumatran Fault,Siulak,SS,Data Updated,92.0,30.0,90,7.3,SUMATRA_TRACE_V1,PUSGEN2024_POLYGON_METHOD_V1,5,90.0,,0.0,5.0,5.0,VERTICAL_NEAR_VERTICAL_SYMMETRIC_R,VERTICAL_NEAR_VERTICAL,996.899,1,166.2267,0.1667,True,True,True
SUM41,Sumatra,Sumatran Fault,Dikit,SS,Data Updated,67.0,30.0,90,7.1,SUMATRA_TRACE_V1,PUSGEN2024_POLYGON_METHOD_V1,5,90.0,,0.0,5.0,5.0,VERTICAL_NEAR_VERTICAL_SYMMETRIC_R,VERTICAL_NEAR_VERTICAL,751.6185,1,74.6878,0.0994,True,True,True
SUM42,Sumatra,Sumatran Fault,Ketaun,SS,Data Updated,103.0,30.0,90,7.3,SUMATRA_TRACE_V1,PUSGEN2024_POLYGON_METHOD_V1,5,90.0,,0.0,5.0,5.0,VERTICAL_NEAR_VERTICAL_SYMMETRIC_R,VERTICAL_NEAR_VERTICAL,1158.9411,2,186.9901,0.1613,True,True,True
SUM43,Sumatra,Sumatran Fault,Musi,SS,Data Updated,86.0,30.0,90,7.2,SUMATRA_TRACE_V1,PUSGEN2024_POLYGON_METHOD_V1,5,90.0,,0.0,5.0,5.0,VERTICAL_NEAR_VERTICAL_SYMMETRIC_R,VERTICAL_NEAR_VERTICAL,942.5511,2,196.8007,0.2088,True,True,True
SUM44,Sumatra,Sumatran Fault,Manna,SS,Data Updated,82.0,30.0,90,7.3,SUMATRA_TRACE_V1,PUSGEN2024_POLYGON_METHOD_V1,5,90.0,,0.0,5.0,5.0,VERTICAL_NEAR_VERTICAL_SYMMETRIC_R,VERTICAL_NEAR_VERTICAL,896.8477,2,163.583,0.1824,True,True,True
SUM45,Sumatra,Sumatran Fault,Kumering North,SS,Data Updated,113.0,30.0,90,7.6,SUMATRA_TRACE_V1,PUSGEN2024_POLYGON_METHOD_V1,5,90.0,,0.0,5.0,5.0,VERTICAL_NEAR_VERTICAL_SYMMETRIC_R,VERTICAL_NEAR_VERTICAL,1212.763,2,198.122,0.1634,True,True,True
SUM46,Sumatra,Sumatran Fault,Kumering South,SS,Data Updated,63.0,30.0,90,7.6,SUMATRA_TRACE_V1,PUSGEN2024_POLYGON_METHOD_V1,5,90.0,,0.0,5.0,5.0,VERTICAL_NEAR_VERTICAL_SYMMETRIC_R,VERTICAL_NEAR_VERTICAL,704.1449,4,582.0989,0.8267,True,True,True
SUM47,Sumatra,Sumatran Fault,Semangko Barat-A,SS,Data Updated,21.0,30.0,90,7.3,SUMATRA_TRACE_V1,PUSGEN2024_POLYGON_METHOD_V1,5,90.0,,0.0,5.0,5.0,VERTICAL_NEAR_VERTICAL_SYMMETRIC_R,VERTICAL_NEAR_VERTICAL,287.2414,3,364.2227,1.268,True,True,True
SUM48,Sumatra,Sumatran Fault,Semangko Barat-B,SS,Data Updated,113.0,30.0,91,7.3,SUMATRA_TRACE_V1,PUSGEN2024_POLYGON_METHOD_V1,5,91.0,,,5.0,5.0,INVALID_OR_MISSING_DIP_SYMMETRIC_R,INVALID_OR_MISSING,1204.2636,4,358.0676,0.2973,True,True,True
SUM49,Sumatra,Sumatran Fault,Semangko Timur-A,SS,Data Updated,94.0,30.0,92,6.1,SUMATRA_TRACE_V1,PUSGEN2024_POLYGON_METHOD_V1,5,92.0,,,5.0,5.0,INVALID_OR_MISSING_DIP_SYMMETRIC_R,INVALID_OR_MISSING,1018.5218,4,469.9583,0.4614,True,True,True
SUM50,Sumatra,Sumatran Fault,Semangko Timur-B,SS,Data Updated,85.0,30.0,93,7.5,SUMATRA_TRACE_V1,PUSGEN2024_POLYGON_METHOD_V1,5,93.0,,,5.0,5.0,INVALID_OR_MISSING_DIP_SYMMETRIC_R,INVALID_OR_MISSING,933.0346,2,136.7525,0.1466,True,True,True
SUM51,Sumatra,Sumatran Fault,Sunda Strait Graben,N,Data Updated,84.0,30.0,60,7.3,SUMATRA_TRACE_V1,PUSGEN2024_POLYGON_METHOD_V1,5,60.0,,15.0,12.5,12.5,NONVERTICAL_MISSING_DIPDIR_SYMMETRIC_R_PLUS_H2,NONVERTICAL_MISSING_DIRECTION,2182.8973,2,118.5887,0.0543,True,True,True
SUM52,Sumatra,Sumatran Fault,Ujung Kulon A,SS,Data Updated,79.0,30.0,89,7.2,SUMATRA_TRACE_V1,PUSGEN2024_POLYGON_METHOD_V1,5,89.0,,0.5236,5.0,5.0,VERTICAL_NEAR_VERTICAL_SYMMETRIC_R,VERTICAL_NEAR_VERTICAL,873.1029,3,92.7282,0.1062,True,True,True
SUM53,Sumatra,Sumatran Fault,Ujung Kulon B,SS,Data Updated,152.0,30.0,90,7.2,SUMATRA_TRACE_V1,PUSGEN2024_POLYGON_METHOD_V1,5,90.0,,0.0,5.0,5.0,VERTICAL_NEAR_VERTICAL_SYMMETRIC_R,VERTICAL_NEAR_VERTICAL,1601.1069,1,7.866,0.0049,True,True,True
SUM54,Sumatra,Toru Fold Thrust,Sibolga #1,R,New,103.0,30.0,45E,7.4,SUMATRA_TRACE_V1,PUSGEN2024_POLYGON_METHOD_V1,5,45.0,E,21.2132,5.0,26.2132,DIP_AWARE_R_PLUS_WCOSDIP,NONVERTICAL_KNOWN_DIRECTION,3554.0313,1,20.4644,0.0058,True,True,True
SUM55,Sumatra,Toru Fold Thrust,Pinangsori #2,R,New,29.0,30.0,45E,6.7,SUMATRA_TRACE_V1,PUSGEN2024_POLYGON_METHOD_V1,5,45.0,E,21.2132,5.0,26.2132,DIP_AWARE_R_PLUS_WCOSDIP,NONVERTICAL_KNOWN_DIRECTION,1050.2414,1,20.4644,0.0195,True,True,True
SUM56,Sumatra,Toru Fold Thrust,TFTB #3,R,New,24.0,30.0,45E,6.7,SUMATRA_TRACE_V1,PUSGEN2024_POLYGON_METHOD_V1,5,45.0,E,21.2132,5.0,26.2132,DIP_AWARE_R_PLUS_WCOSDIP,NONVERTICAL_KNOWN_DIRECTION,801.2301,4,1137.7785,1.42,True,True,True
SUM57,Sumatra,Toru Fold Thrust,TFTB #4,R,New,30.0,30.0,45E,6.8,SUMATRA_TRACE_V1,PUSGEN2024_POLYGON_METHOD_V1,5,45.0,E,21.2132,5.0,26.2132,DIP_AWARE_R_PLUS_WCOSDIP,NONVERTICAL_KNOWN_DIRECTION,916.4929,5,1417.7937,1.547,True,True,True
SUM58,Sumatra,Toru Fold Thrust,TFTB #5,R,New,22.0,30.0,45E,6.6,SUMATRA_TRACE_V1,PUSGEN2024_POLYGON_METHOD_V1,5,45.0,E,21.2132,5.0,26.2132,DIP_AWARE_R_PLUS_WCOSDIP,NONVERTICAL_KNOWN_DIRECTION,715.0276,4,1269.7358,1.7758,True,True,True
SUM59,Sumatra,Toru Fold Thrust,TFTB #6,R,New,29.0,30.0,45E,6.7,SUMATRA_TRACE_V1,PUSGEN2024_POLYGON_METHOD_V1,5,45.0,E,21.2132,5.0,26.2132,DIP_AWARE_R_PLUS_WCOSDIP,NONVERTICAL_KNOWN_DIRECTION,932.2657,5,1466.5798,1.5731,True,True,True
SUM60,Sumatra,Toru Fold Thrust,TFTB #7,R,New,63.0,30.0,45E,7.2,SUMATRA_TRACE_V1,PUSGEN2024_POLYGON_METHOD_V1,5,45.0,E,21.2132,5.0,26.2132,DIP_AWARE_R_PLUS_WCOSDIP,NONVERTICAL_KNOWN_DIRECTION,2152.7727,6,544.8429,0.2531,True,True,True
SUM61,Sumatra,Toru Fold Thrust,TFTB #8,R,New,30.0,30.0,45E,6.8,SUMATRA_TRACE_V1,PUSGEN2024_POLYGON_METHOD_V1,5,45.0,E,21.2132,5.0,26.2132,DIP_AWARE_R_PLUS_WCOSDIP,NONVERTICAL_KNOWN_DIRECTION,955.7631,5,850.3329,0.8897,True,True,True
SUM62,Sumatra,Toru Fold Thrust,TFTB #9,R,New,26.0,30.0,45E,6.7,SUMATRA_TRACE_V1,PUSGEN2024_POLYGON_METHOD_V1,5,45.0,E,21.2132,5.0,26.2132,DIP_AWARE_R_PLUS_WCOSDIP,NONVERTICAL_KNOWN_DIRECTION,896.1545,4,390.1323,0.4353,True,True,True
SUM63,Sumatra,Pidie Fault,Pidie Jaya,SS,Data Updated,23.0,30.0,90,6.5,SUMATRA_TRACE_V1,PUSGEN2024_POLYGON_METHOD_V1,5,90.0,,0.0,5.0,5.0,VERTICAL_NEAR_VERTICAL_SYMMETRIC_R,VERTICAL_NEAR_VERTICAL,311.9415,0,0.0,0.0,True,True,True
SUM64,Sumatra,Pidie Fault,Panteraja,SS,New,23.0,30.0,90,6.5,SUMATRA_TRACE_V1,PUSGEN2024_POLYGON_METHOD_V1,5,90.0,,0.0,5.0,5.0,VERTICAL_NEAR_VERTICAL_SYMMETRIC_R,VERTICAL_NEAR_VERTICAL,300.2817,1,58.3603,0.1944,True,True,True
SUM65,Sumatra,Bireun Fault,Bireun,SS,New,30.0,30.0,90,6.6,SUMATRA_TRACE_V1,PUSGEN2024_POLYGON_METHOD_V1,5,90.0,,0.0,5.0,5.0,VERTICAL_NEAR_VERTICAL_SYMMETRIC_R,VERTICAL_NEAR_VERTICAL,363.3102,0,0.0,0.0,True,True,True
SUM66,Sumatra,Lhokseumawe Fault,Lhokseumawe A,SS,Data Updated,37.0,30.0,90,6.8,SUMATRA_TRACE_V1,PUSGEN2024_POLYGON_METHOD_V1,5,90.0,,0.0,5.0,5.0,VERTICAL_NEAR_VERTICAL_SYMMETRIC_R,VERTICAL_NEAR_VERTICAL,450.0176,2,1.8227,0.0041,True,True,True
SUM67,Sumatra,Lhokseumawe Fault,Lhokseumawe B,SS,New,25.0,30.0,90,6.5,SUMATRA_TRACE_V1,PUSGEN2024_POLYGON_METHOD_V1,5,90.0,,0.0,5.0,5.0,VERTICAL_NEAR_VERTICAL_SYMMETRIC_R,VERTICAL_NEAR_VERTICAL,316.4184,1,0.5138,0.0016,True,True,True
SUM68,Sumatra,Lhokseumawe Fault,Lhokseumawe C,SS,New,19.0,30.0,90,6.4,SUMATRA_TRACE_V1,PUSGEN2024_POLYGON_METHOD_V1,5,90.0,,0.0,5.0,5.0,VERTICAL_NEAR_VERTICAL_SYMMETRIC_R,VERTICAL_NEAR_VERTICAL,266.3853,0,0.0,0.0,True,True,True
SUM69,Sumatra,Langsa Back-Arc Thrust,Langsa 1,R,New,28.0,30.0,45SW,6.7,SUMATRA_TRACE_V1,PUSGEN2024_POLYGON_METHOD_V1,5,45.0,SW,21.2132,5.0,26.2132,DIP_AWARE_R_PLUS_WCOSDIP,NONVERTICAL_KNOWN_DIRECTION,774.8501,2,64.1286,0.0828,True,True,True
SUM70,Sumatra,Langsa Back-Arc Thrust,Langsa 2,R,New,37.0,30.0,45SW,6.9,SUMATRA_TRACE_V1,PUSGEN2024_POLYGON_METHOD_V1,5,45.0,SW,21.2132,5.0,26.2132,DIP_AWARE_R_PLUS_WCOSDIP,NONVERTICAL_KNOWN_DIRECTION,1296.8822,5,826.93,0.6376,True,True,True
SUM71,Sumatra,Langsa Back-Arc Thrust,Langsa 3,R,New,22.0,30.0,45SW,6.5,SUMATRA_TRACE_V1,PUSGEN2024_POLYGON_METHOD_V1,5,45.0,SW,21.2132,5.0,26.2132,DIP_AWARE_R_PLUS_WCOSDIP,NONVERTICAL_KNOWN_DIRECTION,682.1479,5,643.5402,0.9434,True,True,True
SUM72,Sumatra,Langsa Back-Arc Thrust,Langsa 4,R,New,17.0,30.0,45SW,6.3,SUMATRA_TRACE_V1,PUSGEN2024_POLYGON_METHOD_V1,5,45.0,SW,21.2132,5.0,26.2132,DIP_AWARE_R_PLUS_WCOSDIP,NONVERTICAL_KNOWN_DIRECTION,677.823,2,130.6354,0.1927,True,True,True
SUM73,Sumatra,Langsa Back-Arc Thrust,Langsa 5,R,New,18.0,30.0,45SW,6.4,SUMATRA_TRACE_V1,PUSGEN2024_POLYGON_METHOD_V1,5,45.0,SW,21.2132,5.0,26.2132,DIP_AWARE_R_PLUS_WCOSDIP,NONVERTICAL_KNOWN_DIRECTION,611.8396,4,469.4622,0.7673,True,True,True
SUM74,Sumatra,Langsa Back-Arc Thrust,Langsa 6,R,New,23.0,30.0,45SW,6.5,SUMATRA_TRACE_V1,PUSGEN2024_POLYGON_METHOD_V1,5,45.0,SW,21.2132,5.0,26.2132,DIP_AWARE_R_PLUS_WCOSDIP,NONVERTICAL_KNOWN_DIRECTION,835.5395,4,573.7168,0.6866,True,True,True
SUM75,Sumatra,Oreng Fault,Oreng Fault,SS,Data Updated,62.0,20.0,90,6.8,SUMATRA_TRACE_V1,PUSGEN2024_POLYGON_METHOD_V1,5,90.0,,0.0,5.0,5.0,VERTICAL_NEAR_VERTICAL_SYMMETRIC_R,VERTICAL_NEAR_VERTICAL,741.2913,5,282.698,0.3814,True,True,True
SUM76,Sumatra,Takengon Fault,Lot Tawar-A,SS,Data Updated,20.0,30.0,90,6.4,SUMATRA_TRACE_V1,PUSGEN2024_POLYGON_METHOD_V1,5,90.0,,0.0,5.0,5.0,VERTICAL_NEAR_VERTICAL_SYMMETRIC_R,VERTICAL_NEAR_VERTICAL,274.1325,4,76.6784,0.2797,True,True,True
SUM77,Sumatra,Takengon Fault,Lot Tawar-B,SS,New,22.0,30.0,90,6.5,SUMATRA_TRACE_V1,PUSGEN2024_POLYGON_METHOD_V1,5,90.0,,0.0,5.0,5.0,VERTICAL_NEAR_VERTICAL_SYMMETRIC_R,VERTICAL_NEAR_VERTICAL,301.1981,2,94.6899,0.3144,True,True,True
SUM78,Sumatra,Takengon Fault,Lot Tawar-C,SS,New,28.0,30.0,90,6.6,SUMATRA_TRACE_V1,PUSGEN2024_POLYGON_METHOD_V1,5,90.0,,0.0,5.0,5.0,VERTICAL_NEAR_VERTICAL_SYMMETRIC_R,VERTICAL_NEAR_VERTICAL,384.4845,3,463.7088,1.2061,True,True,True
SUM79,Sumatra,Takengon Fault,Lot Tawar-D,SS,New,30.0,30.0,90,6.6,SUMATRA_TRACE_V1,PUSGEN2024_POLYGON_METHOD_V1,5,90.0,,0.0,5.0,5.0,VERTICAL_NEAR_VERTICAL_SYMMETRIC_R,VERTICAL_NEAR_VERTICAL,385.7508,4,404.9971,1.0499,True,True,True
SUM80,Sumatra,Takengon Fault,Lot Tawar-E,SS,New,25.0,20.0,90,6.5,SUMATRA_TRACE_V1,PUSGEN2024_POLYGON_METHOD_V1,5,90.0,,0.0,5.0,5.0,VERTICAL_NEAR_VERTICAL_SYMMETRIC_R,VERTICAL_NEAR_VERTICAL,306.3972,3,250.5528,0.8177,True,True,True
SUM81,Sumatra,Takengon Fault,Peusangan-A,SS,Data Updated,32.0,20.0,90,6.7,SUMATRA_TRACE_V1,PUSGEN2024_POLYGON_METHOD_V1,5,90.0,,0.0,5.0,5.0,VERTICAL_NEAR_VERTICAL_SYMMETRIC_R,VERTICAL_NEAR_VERTICAL,416.0173,4,160.548,0.3859,True,True,True
SUM82,Sumatra,Takengon Fault,Peusangan-B,SS,New,20.0,20.0,90,6.4,SUMATRA_TRACE_V1,PUSGEN2024_POLYGON_METHOD_V1,5,90.0,,0.0,5.0,5.0,VERTICAL_NEAR_VERTICAL_SYMMETRIC_R,VERTICAL_NEAR_VERTICAL,267.1601,3,166.3118,0.6225,True,True,True
SUM83,Sumatra,Takengon Fault,Peusangan-C,SS,New,22.0,30.0,90,6.5,SUMATRA_TRACE_V1,PUSGEN2024_POLYGON_METHOD_V1,5,90.0,,0.0,5.0,5.0,VERTICAL_NEAR_VERTICAL_SYMMETRIC_R,VERTICAL_NEAR_VERTICAL,306.6017,3,466.8099,1.5225,True,True,True
SUM84,Sumatra,Takengon Fault,Celala,SS,New,22.0,20.0,90,6.6,SUMATRA_TRACE_V1,PUSGEN2024_POLYGON_METHOD_V1,5,90.0,,0.0,5.0,5.0,VERTICAL_NEAR_VERTICAL_SYMMETRIC_R,VERTICAL_NEAR_VERTICAL,293.1094,4,131.8195,0.4497,True,True,True
SUM85,Sumatra,Mentawai Fault,Mentawai,R,Data Updated,609.0,20.0,45W,8.7,SUMATRA_TRACE_V1,PUSGEN2024_POLYGON_METHOD_V1,5,45.0,W,14.1421,5.0,19.1421,DIP_AWARE_R_PLUS_WCOSDIP,NONVERTICAL_KNOWN_DIRECTION,14682.85,1,61.834,0.0042,True,True,True
SUM86,Sumatra,Mentawai Fault,Enggano,R,Data Updated,303.0,30.0,45W,8.0,SUMATRA_TRACE_V1,PUSGEN2024_POLYGON_METHOD_V1,5,45.0,W,21.2132,5.0,26.2132,DIP_AWARE_R_PLUS_WCOSDIP,NONVERTICAL_KNOWN_DIRECTION,9080.2967,1,61.834,0.0068,True,True,True
