no,lat,lon,depth,mw,dt,east_km,north_km,log_eta,triggered
739,-8.29,117.23,29,4.579502161,2010-01-04 18:07:44,525.3276450113464,9083.634643121099,,False
950,-8.68,116.57,10,4.650744172,2010-04-01 20:09:43,452.69575660934083,9040.499038691774,1.8416850505459175,False
965,-8.35,116.55,32,4.10719675,2010-04-08 02:18:56,450.4530876783184,9076.980519580493,0.04315784367503088,False
1329,-8.25,116.11,12,4.329594841,2010-11-11 08:05:42,401.9795943907138,9087.95484632673,2.0397895185674657,False
1330,-8.23,116.07,10,4.281031718,2010-11-11 08:06:55,397.5686727382471,9090.156142778738,-4.879079258575697,True
1337,-8.18,116.06,18,4.034166124,2010-11-15 12:52:54,396.4542204386623,9095.68192072415,-1.0342655730847028,False
1339,-8.24,116.1,10,4.425265091,2010-11-15 23:26:42,400.87566371798306,9089.058037722561,-1.9372438018784228,False
1519,-8.28,116.11,23,4.253963445,2011-03-30 13:09:15,401.9870016627248,9084.637870547473,0.06611121757953771,False
1530,-8.18,116.06,10,4.269562198,2011-04-12 12:35:05,396.4542204386623,9095.68192072415,-0.9105119912446876,False
1531,-8.01,116.08,10,4.131386048,2011-04-12 17:14:59,398.6150038564346,9114.48320219865,-1.5147832671521781,False
1532,-8.25,116.02,25,4.229091327,2011-04-12 20:42:03,392.0665282497308,9087.931631468493,-1.7991068031946786,False
1548,-8.31,116.02,20,4.279798144,2011-04-25 16:11:20,392.08287099347706,9081.297510946386,-0.38093024170267764,False
1584,-8.36,116.96,10,4.052483646,2011-05-31 00:42:18,495.5959854808334,9075.903017092673,1.906616533424698,False
3029,-8.36,116.23,17,4.165794755,2012-10-08 13:18:27,415.22026654792614,9075.820409902937,1.8358567588340375,False
3643,-8.44,116.04,16,5.072359857,2013-06-22 05:42:37,394.3205438960182,9066.928988301383,1.8397828982760829,False
3660,-8.43,117.2,10,4.406022159,2013-07-18 08:09:37,522.0161700858747,9068.158847820196,1.0778357135210592,False
3661,-8.44,117.19,10,4.908308171,2013-07-18 15:43:10,520.9148198153022,9067.053851884002,-3.1872734161135208,True
3662,-8.46,117.23,10,4.50538924,2013-07-18 19:33:00,525.3166562901799,9064.840385694482,-3.2213666002631385,True
3676,-8.09,116.16,11,5.805703489,2013-08-21 04:43:14,407.44989153880164,9105.657008618726,0.6517783364451131,False
3689,-8.32,117.25,11,4.221043185,2013-09-05 17:51:56,527.5279715561875,9080.316686295948,0.03454000201991458,False
3881,-7.97,117.2,23,4.183989493,2013-12-07 15:12:46,522.041489004853,9119.01335881309,0.842408938319758,False
3903,-8.31,116.06,10,4.224239521,2013-12-15 14:19:37,396.48804115347673,9081.308179547243,-0.13998962809354462,False
4069,-8.25,117.2,10,4.14167065,2014-03-31 12:20:31,522.0262455454127,9088.058577056358,0.9957609224789317,False
4070,-8.36,117.22,10,4.346800306,2014-03-31 12:24:09,524.222135346127,9075.896479374152,-3.560960274285087,True
4288,-8.28,116.15,10,4.417725629,2014-08-21 10:22:11,406.39239944910213,9084.647504640252,0.1916588088664992,False
4326,-8.33,116.02,14,4.430118054,2014-09-17 16:41:32,392.08834471760537,9079.086133141105,0.3243446568013576,False
4335,-8.33,116.94,10,4.272189143,2014-09-22 18:42:34,493.393473505924,9079.219342320348,0.8925572488864236,False
4856,-8.43,116.03,13,4.570052285,2015-05-04 10:21:24,393.2168693122148,9068.031958492338,-0.5641045527582323,False
4958,-8.29,116.1,10,4.534863105,2015-06-28 11:37:42,400.8881479400416,9083.529730207512,0.5232766316512641,False
5236,-8.24,116.22,10,4.125052159,2015-11-24 21:42:21,414.0930907825557,9089.085811956562,0.4313093069424079,False
5381,-8.21,116.81,10,4.130200957,2016-02-03 14:42:50,479.07297156254424,9092.481250095812,1.4401349116212905,False
5544,-8.5,116.06,13,4.623892592,2016-03-31 09:34:44,396.53842421596755,9060.300239628368,0.6521310228690989,False
5671,-8.33,117.14,14,4.190283733,2016-05-23 07:19:19,515.4152405634367,9079.217115004496,1.2879151990702244,False
5875,-8.73,115.91,10,4.065430375,2016-08-18 21:03:36,380.0992950848072,9034.824934967228,1.2918224568942371,False
5894,-8.29,116.03,10,4.07158269,2016-08-28 16:46:58,393.1787633045016,9083.511589106154,0.826901121118827,False
6067,-8.48,115.92,21,4.557088001,2016-11-23 16:21:33,381.12145505630934,9062.471544687705,1.0532380590406705,False
6170,-8.53,116.85,23,4.020784119,2017-01-29 02:04:03,483.4921546518792,9057.105857261464,1.7369404203171903,False
6172,-8.48,116.86,14,4.139075686,2017-01-29 19:41:10,484.5906822567676,9062.634002635068,-1.5136109512560607,False
7138,-8.26,115.96,10,4.055226734,2017-11-13 17:09:18,385.46055807525005,9086.809207736287,1.0376852911308847,False
7265,-8.41,116.96,10,4.216292843,2017-12-30 01:18:54,495.59654822334085,9070.375333198685,1.6201075694847058,False
7286,-8.89,116.87,10,4.061628511,2018-01-03 05:16:20,485.7068795791243,9017.306574188504,0.6014097507384759,False
7392,-8.29,116.73,13,4.484906106,2018-02-01 22:02:41,470.267518030476,9083.631871935557,1.0664225087347694,False
7393,-7.95,115.84,21,4.650714764,2018-02-02 05:59:14,372.14495887990444,9121.050692774716,-0.32687580085463874,False
7637,-8.79,116.97,10,4.155271963,2018-04-05 02:41:45,496.7007005791627,9028.364574345645,1.2452866306389117,False
7710,-8.48,115.84,28,4.00615668,2018-05-02 16:11:36,372.3145181463773,9062.446154651268,1.0734755860005418,False
7744,-7.97,117.23,18,4.380052539,2018-05-21 11:57:47,525.3477284258818,9119.011638583392,1.282326250645382,False
7804,-8.34,116.09,12,4.28699463,2018-06-13 11:23:41,399.79951513028715,9077.998886108287,1.0893908450821925,False
7806,-8.54,116.92,26,4.297474123,2018-06-13 15:47:35,491.19605183678,9056.002604723157,-0.44938264146856643,False
7926,-8.35,116.5,13,6.43545,2018-07-28 22:47:38,444.9477471762118,9076.973891453725,1.4355946142719795,False
7927,-8.3,116.58,13,4.79814,2018-07-28 22:55:38,453.75040720238457,9082.511970657251,-5.791648568330168,True
7928,-8.32,116.52,11,5.19544,2018-07-28 22:56:46,447.1458600248577,9080.29333988058,-6.399442830166185,True
7929,-8.34,116.55,12,4.2632,2018-07-28 23:03:41,450.4518274440859,9078.08608674968,-5.918628427073858,True
7930,-8.34,116.51,13,5.03652,2018-07-28 23:05:39,446.04744611359854,9078.08084617625,-6.756153204731406,True
7931,-8.31,116.49,10,5.43382,2018-07-28 23:06:49,443.84097141056606,9081.394784876578,-5.982119109659203,True
7932,-8.42,116.66,10,4.9,2018-07-28 23:15:55,462.571411224621,9069.253758379728,-4.8162598451876315,True
7933,-8.43,116.46,10,5.2,2018-07-28 23:16:01,440.5556091796347,9068.123413520065,-5.533678825503803,True
7934,-8.34,116.58,16,4.71868,2018-07-28 23:19:36,453.75509804471903,9078.08972445914,-5.301226522356561,True
7941,-8.3,116.57,10,4.31788,2018-07-28 23:38:04,452.6492067069309,9082.510791487684,-5.055726703436915,True
7942,-8.26,116.48,11,4.8776,2018-07-28 23:39:20,442.73255563236785,9086.921228775267,-4.992288708990031,True
7949,-8.32,116.48,12,4.5366,2018-07-29 00:05:30,442.74123619591876,9080.287777754758,-5.468720554534838,True
7953,-8.35,116.57,16,4.48192,2018-07-29 00:18:33,452.655213464726,9076.982975455867,-4.9455780803354505,True
7955,-8.28,116.61,10,4.15384,2018-07-29 00:26:09,457.0518305858967,9084.726453577427,-4.476314936397245,True
7956,-8.2,116.6,10,4.31788,2018-07-29 00:32:02,455.9417288748727,9093.569796137512,-4.2229874866558745,True
7958,-8.31,116.49,11,4.5366,2018-07-29 00:37:34,443.84097141056606,9081.394784876578,-5.776483439732188,True
7959,-8.3,116.62,16,4.42724,2018-07-29 00:43:54,458.15519591511463,9082.516409861348,-4.407470681263022,True
7961,-8.27,116.5,14,4.20852,2018-07-29 00:49:11,444.93659163412997,9085.818475094262,-4.719274160391039,True
7968,-8.65,116.37,13,4.31788,2018-07-29 01:14:20,430.6875713553736,9043.78517178796,-3.6605630510492118,True
7977,-8.75,116.32,18,4.15384,2018-07-29 01:43:14,425.206195012331,9032.719420321035,-3.3783804280890832,True
7978,-8.28,116.55,12,4.79814,2018-07-29 01:44:24,450.4442975425084,9084.719478178966,-4.5086508529879525,True
7979,-8.32,116.44,10,5.11598,2018-07-29 01:50:31,438.3365854467651,9080.281770596284,-4.670119315434445,True
7980,-8.61,116.36,15,4.37256,2018-07-29 01:53:16,429.5799175866166,9048.205804681786,-4.0352835291900355,True
7981,-8.63,116.34,17,4.15384,2018-07-29 01:54:29,427.3830157043931,9045.990826123147,-5.241498178692123,True
7982,-8.86,116.23,15,4.09916,2018-07-29 01:55:31,415.33149708086466,9020.538142969295,-3.548489036683761,True
7987,-8.28,116.52,12,4.8776,2018-07-29 02:20:08,447.14051179173634,9084.715616759804,-4.542742295673058,True
7988,-8.4,116.49,10,4.64596,2018-07-29 02:21:49,443.8538412849881,9071.444591181942,-4.786492352760635,True
7989,-8.1,116.54,10,4.15384,2018-07-29 02:29:53,449.32027668147066,9104.618301643752,-3.6568224606636677,True
7990,-8.51,116.36,18,4.09916,2018-07-29 02:33:44,429.5615347270138,9059.261932349113,-3.773814996703213,True
7997,-8.51,116.45,13,4.2632,2018-07-29 02:56:08,439.4672607659281,9059.277155540361,-3.8953466375661505,True
7998,-8.31,116.5,13,4.48192,2018-07-29 03:03:23,444.94215606964417,9081.396187674372,-4.877861474247308,True
7999,-8.34,116.5,11,4.64596,2018-07-29 03:04:28,444.94634689929876,9078.079466336208,-5.839321714422021,True
8001,-8.2,116.45,10,4.20852,2018-07-29 03:27:34,439.4194539124253,9093.550259082733,-3.8842869338266715,True
8014,-8.31,116.49,13,4.37256,2018-07-29 04:22:51,443.84097141056606,9081.394784876578,-5.2345971815826635,True
8021,-8.86,116.37,18,4.09916,2018-07-29 04:47:31,430.7264314249241,9020.567113375037,-2.9393025610139283,True
8032,-8.86,116.28,32,4.09916,2018-07-29 06:25:17,420.8297389956421,9020.549154846602,-2.798258290544999,True
8035,-8.42,116.44,12,4.09916,2018-07-29 06:52:09,438.35231546580405,9069.22590466592,-4.023272512492491,True
8037,-8.25,116.49,10,4.04448,2018-07-29 07:24:46,443.8324680052082,9088.028222566252,-3.931985163909541,True
8042,-8.37,116.55,10,4.31788,2018-07-29 07:54:10,450.45561264700405,9074.769383581195,-4.347827848161847,True
8054,-8.34,116.47,11,4.5366,2018-07-29 10:05:01,441.64303942275455,9078.075159540751,-4.624788273678661,True
8070,-8.2,116.5,10,4.04448,2018-07-29 11:32:39,444.92691805687906,9093.557457026196,-3.483556191463755,True
8100,-8.88,116.27,10,4.04448,2018-07-29 14:10:45,419.73443983789394,9018.335710721014,-2.527739411203093,True
8129,-8.27,116.61,10,4.09916,2018-07-29 17:55:42,457.05074749796387,9085.832008700621,-3.3800481378741516,True
8130,-8.32,116.5,10,4.59128,2018-07-29 18:03:15,444.9435513459748,9080.29061444589,-4.422765298456896,True
8136,-8.39,116.57,10,4.2632,2018-07-29 19:48:26,452.66004467253174,9072.560712667266,-3.70359075137219,True
8137,-8.16,116.47,10,4.20852,2018-07-29 20:09:46,441.6166241036853,9097.97550406928,-3.086652803534542,True
8149,-8.88,116.36,14,4.04448,2018-07-29 21:48:34,429.63061619018293,9018.35397518442,-2.3270338329375115,True
8152,-8.78,116.29,12,4.09916,2018-07-29 22:14:54,421.91257321963144,9029.396411687503,-2.538382046216914,True
8155,-8.44,116.45,12,4.04448,2018-07-29 22:34:06,439.4563116700442,9067.016289962332,-3.5465606811385175,True
8160,-8.53,116.42,10,4.04448,2018-07-29 23:52:01,436.16868559669547,9057.06113973783,-3.0017860354898316,True
8163,-8.34,116.47,10,4.09916,2018-07-30 00:42:47,441.64303942275455,9078.075159540751,-4.263850495826727,True
8165,-8.43,116.55,10,4.09916,2018-07-30 01:57:43,450.46322355221236,9068.135962249555,-3.4793353106680285,True
8202,-8.22,116.4,10,4.04448,2018-07-30 15:13:41,433.91525195198307,9091.331204766564,-2.9229638335764765,True
8210,-8.33,116.48,10,4.2632,2018-07-30 16:59:26,442.74268902430174,9079.182200662211,-4.126745862318061,True
8293,-8.25,116.68,10,4.42724,2018-08-01 10:04:01,464.7578993549713,9088.049971500866,-2.454001802662014,True
8296,-8.26,116.67,10,4.15384,2018-08-01 10:12:20,463.65748638122136,9086.943528076907,-4.9464576035570635,True
8297,-8.24,116.68,10,4.48192,2018-08-01 10:44:02,464.75701387929786,9089.155516899948,-4.501390221688005,True
8341,-8.26,116.69,10,4.09916,2018-08-02 11:17:00,465.86008437782374,9086.945295413308,-2.686572754837968,True
8351,-8.26,116.48,10,4.15384,2018-08-02 15:49:24,442.73255563236785,9086.921228775267,-3.312108850119597,True
8353,-8.48,116.85,10,4.09916,2018-08-02 16:31:30,483.490014362922,9062.633591874137,-1.906133434548677,False
8361,-8.29,116.63,11,4.8776,2018-08-02 19:07:21,459.2553599296527,9083.623004048532,-2.561781888478123,True
8362,-8.25,116.64,10,4.42724,2018-08-02 19:17:43,460.3525839240889,9088.046220319187,-4.585169091078335,True
8394,-8.28,116.64,10,4.79814,2018-08-04 05:44:54,460.35557962675034,9084.729567566164,-3.0299947149718824,True
8395,-8.28,116.64,10,4.09916,2018-08-04 07:00:10,460.35557962675034,9084.729567566164,-5.178639553951159,True
8420,-8.37,116.48,15,6.79469,2018-08-05 11:46:35,442.7485176728523,9074.759886775691,-3.494405035358934,True
8421,-8.29,116.01,10,4.8776,2018-08-05 12:03:23,390.97605420359815,9083.506156361125,-4.7293154414008445,True
8422,-8.31,116.16,24,4.5366,2018-08-05 12:07:05,407.50075812509016,9081.33290546334,-4.9078796089951195,True
8423,-8.37,116.01,10,4.64596,2018-08-05 12:08:41,390.99819903293405,9074.660615214823,-4.620436232575676,True
8425,-8.11,116.15,10,4.79814,2018-08-05 12:18:03,406.3526494407588,9103.443444626724,-4.541929300968036,True
8426,-8.16,116.23,11,4.5366,2018-08-05 12:21:36,415.17757078455674,9097.932929009003,-4.670498865578476,True
8427,-8.11,116.15,10,4.4,2018-08-05 12:24:07,406.3526494407588,9103.443444626724,-6.272292103517593,True
8428,-8.34,116.38,12,4.48192,2018-08-05 12:25:02,431.73302091991275,9078.060733623892,-5.424702549133661,True
8429,-8.15,116.46,10,4.59128,2018-08-05 12:27:12,440.5135416474252,9099.079615291714,-4.873362698646131,True
8430,-8.3,116.04,29,4.20852,2018-08-05 12:33:30,394.28278610743223,9082.408582629068,-4.330403196066108,True
8431,-8.26,116.04,10,4.64596,2018-08-05 12:35:18,394.2721133986749,9086.831304418247,-4.651407197814814,True
8433,-8.26,116.21,10,4.95706,2018-08-05 12:42:31,412.99602843766417,9086.872388081589,-4.547826645057839,True
8434,-8.17,116.05,20,4.09916,2018-08-05 12:46:21,395.34996548244436,9096.785006950195,-4.180654376707313,True
8435,-8.21,116.16,10,4.04448,2018-08-05 12:48:07,407.477468860945,9092.389348124361,-4.565848600393269,True
8436,-8.41,116.16,17,5.35436,2018-08-05 12:49:53,407.5243274655434,9070.276408565163,-4.425074167340866,True
8437,-8.22,116.22,15,4.31788,2018-08-05 12:58:04,414.08878134465215,9091.297065645742,-4.493960766871346,True
8438,-8.21,116.47,10,4.8776,2018-08-05 13:07:35,441.62390425572823,9092.447648295414,-4.796340636706118,True
8439,-8.28,116.2,11,4.79814,2018-08-05 13:12:13,411.8990850054028,9084.658924144736,-4.639138423250921,True
8440,-8.34,116.3,10,4.09916,2018-08-05 13:24:36,422.9239799360543,9078.046014621928,-4.630700514977945,True
8441,-8.22,116.27,10,4.04448,2018-08-05 13:30:21,419.59620835099565,9091.307442294139,-4.362728639368254,True
8442,-8.33,116.0,10,4.04448,2018-08-05 13:32:07,389.8858525002561,9079.080619197046,-3.924317791235143,True
8444,-8.36,116.13,11,4.31788,2018-08-05 13:45:21,404.20914250347266,9075.797496220925,-4.126806147045595,True
8446,-8.12,116.28,10,4.09916,2018-08-05 13:51:18,420.6779413351721,9102.365524967137,-4.131040284309286,True
8447,-8.22,116.48,10,4.15384,2018-08-05 13:56:24,442.7268032661342,9091.3435185173,-4.658917172945302,True
8448,-8.17,116.07,21,4.5366,2018-08-05 14:00:29,397.5533130501284,9096.790144483497,-3.857201744302942,True
8449,-8.09,116.43,10,4.48192,2018-08-05 14:10:40,437.1993143467336,9105.708525651262,-4.147991579712865,True
8450,-8.16,116.21,10,4.04448,2018-08-05 14:13:53,412.9742576101073,9097.928671319822,-4.01449536813484,True
8452,-8.2,116.28,10,4.59128,2018-08-05 14:24:39,420.69371827836994,9093.520657401528,-4.16754216806294,True
8453,-8.37,116.0,10,4.20852,2018-08-05 14:26:50,389.8970634877574,9074.65783138433,-4.204376674275532,True
8454,-8.18,116.19,10,4.20852,2018-08-05 14:35:12,410.7753770113161,9095.713041658388,-3.9469924759493824,True
8455,-8.19,116.51,10,4.64596,2018-08-05 14:42:16,446.0270581335896,9094.66437940237,-4.370252904159228,True
8456,-8.38,116.11,10,4.2,2018-08-05 14:45:36,402.01188546238956,9073.58124948462,-3.8779185723564016,True
8457,-8.11,116.41,10,4.42724,2018-08-05 14:51:41,434.998915815681,9103.494231295155,-4.07754993226197,True
8458,-8.25,116.19,10,4.5366,2018-08-05 14:53:01,410.79101198367243,9087.97360509298,-4.000621393558237,True
8460,-8.17,116.01,10,4.64596,2018-08-05 15:11:29,390.94323312501103,9096.774403802827,-3.5941632779561736,True
8461,-8.3,116.49,10,4.20852,2018-08-05 15:16:39,443.8395499253926,9082.500359195798,-4.951356949297447,True
8463,-8.22,116.17,10,4.20852,2018-08-05 15:20:43,408.58129115761653,9091.286001585819,-3.8890245663756566,True
8464,-8.7,116.42,10,4.09916,2018-08-05 15:21:43,436.1971868425813,9038.265871281897,-3.859359332253543,True
8465,-8.26,116.47,10,4.59128,2018-08-05 15:26:52,441.631228592566,9086.919778944233,-4.620734108143892,True
8468,-8.21,116.23,10,4.20852,2018-08-05 15:34:02,415.1881484363941,9092.404819483336,-3.9250397221418183,True
8470,-8.23,116.5,10,4.15384,2018-08-05 15:45:04,444.9310538722238,9090.2407537546,-4.41460685409848,True
8471,-8.24,116.03,10,4.09916,2018-08-05 15:46:55,393.1653076461135,9089.040003006845,-3.5856965904063234,True
8472,-8.37,116.4,10,4.04448,2018-08-05 15:49:04,433.9403075989696,9074.747354661555,-4.810559166189245,True
8476,-8.1,116.25,10,4.15384,2018-08-05 16:29:56,417.3685931269422,9104.570761600015,-3.703686968617387,True
8478,-8.24,116.2,10,4.09916,2018-08-05 16:40:13,411.8902130497012,9089.08145854832,-3.953031133874053,True
8479,-8.32,116.27,10,4.95706,2018-08-05 16:49:41,419.61647129643353,9080.25127492137,-4.023445028067578,True
8481,-8.1,116.27,10,4.04448,2018-08-05 16:57:48,419.5722141649589,9104.574771979003,-3.8917958963535506,True
8484,-8.36,116.57,10,4.2632,2018-08-05 17:09:56,452.65641911665034,9075.877410590912,-4.599360574391154,True
8485,-8.3,116.41,10,4.2632,2018-08-05 17:11:08,435.02978750661896,9082.488150945139,-4.532151343711133,True
8487,-8.17,116.15,25,4.09916,2018-08-05 17:24:45,406.36658530210093,9096.80960108554,-3.5705951687424804,True
8489,-8.05,116.48,10,4.31788,2018-08-05 17:30:40,442.70266526019833,9110.138153331025,-3.6878404457910254,True
8490,-8.26,116.05,10,4.59128,2018-08-05 17:42:35,395.37354348308673,9086.833942150473,-3.8569935836098432,True
8492,-8.23,116.61,10,4.09916,2018-08-05 17:59:41,457.0464281496245,9090.254223708731,-4.014453140372227,True
8495,-8.16,116.08,10,4.04448,2018-08-05 18:28:33,398.6524606245655,9097.898334320433,-3.5549138760027934,True
8496,-8.16,116.51,10,4.31788,2018-08-05 18:36:03,446.02302465315887,9097.981071330965,-3.898099113669201,True
8497,-8.14,116.25,10,4.42724,2018-08-05 18:41:13,417.37677035045766,9100.148307663801,-3.5990913143535272,True
8498,-8.39,116.19,12,4.5,2018-08-05 18:47:18,410.8226789667589,9072.49465245366,-3.674692139680268,True
8500,-8.13,116.2,10,4.20852,2018-08-05 18:57:12,411.8660352771256,9101.24338381129,-3.774739786650566,True
8501,-8.49,116.17,17,4.09916,2018-08-05 19:20:03,408.644133124914,9061.433540094284,-3.548064400859875,True
8502,-8.09,116.27,10,4.15384,2018-08-05 19:43:50,419.57023047630247,9105.680379313706,-3.486061966371135,True
8503,-8.23,116.25,10,4.31788,2018-08-05 19:44:55,417.39531544164413,9090.197755009845,-3.936115748438544,True
8509,-8.28,116.22,10,4.42724,2018-08-05 20:35:13,414.10174087088103,9084.663298098485,-3.612878670596563,True
8510,-8.14,116.22,10,4.31788,2018-08-05 20:37:10,414.07164764629886,9100.14205892235,-3.9797916629958947,True
8511,-8.24,116.26,10,4.79814,2018-08-05 20:41:26,418.4988161885247,9089.094188037478,-4.109557692689939,True
8512,-8.19,116.22,22,4.20852,2018-08-05 20:49:06,414.082336697013,9094.613942144024,-4.327803947493071,True
8514,-8.19,116.22,11,4.42724,2018-08-05 21:17:40,414.082336697013,9094.613942144024,-4.969500071096229,True
8519,-7.99,116.02,46,4.20852,2018-08-05 22:24:44,391.99706948950603,9116.679266544466,-2.9908681484030257,True
8520,-8.24,116.06,11,4.31788,2018-08-05 22:28:09,396.46976416811964,9089.047897573231,-3.2654229012492966,True
8521,-8.29,116.02,19,4.2632,2018-08-05 22:44:03,392.0774103403704,9083.508886599351,-3.785411069071112,True
8524,-8.18,116.12,24,4.2,2018-08-05 23:46:40,403.06404469248014,9095.69685899407,-3.205578590234878,True
8525,-8.04,116.28,11,4.15384,2018-08-06 00:00:48,420.6623180963145,9111.210358396153,-3.230510536414582,True
8526,-8.36,116.27,20,5.11598,2018-08-06 00:28:20,419.6246446253586,9075.828792722248,-3.6420088538564035,True
8528,-8.29,116.25,12,4.31788,2018-08-06 00:34:59,417.4077913868051,9083.564028983637,-4.6377100003859955,True
8529,-8.19,116.27,12,4.09916,2018-08-06 00:52:54,419.590176935923,9094.624281955965,-3.480337698443356,True
8534,-8.22,116.3,10,4.5366,2018-08-06 01:53:45,422.90063591333814,9091.313338341983,-3.5174116097476738,True
8536,-8.04,116.27,10,4.09916,2018-08-06 02:21:29,419.56034856164837,9111.208408031589,-3.6701830884990954,True
8538,-8.23,116.3,15,4.2632,2018-08-06 02:34:31,422.902568410955,9090.207731018598,-4.6101536502366836,True
8541,-8.22,116.01,18,4.15384,2018-08-06 03:15:22,390.9568507933963,9091.245976687533,-2.9623991540692445,True
8543,-8.08,116.24,10,4.42724,2018-08-06 03:33:47,416.26265104234966,9106.779944447853,-3.1381093577283794,True
8545,-8.25,116.7,10,4.2632,2018-08-06 03:48:45,466.9605507231401,9088.051681589912,-3.416764965427123,True
8547,-8.21,116.5,10,4.09916,2018-08-06 04:21:07,444.92829499466865,9092.45188981282,-3.7032571671344843,True
8563,-8.12,116.1,10,4.09916,2018-08-06 10:14:53,400.846007744299,9102.325921218782,-2.8553724245192593,True
8566,-8.15,116.03,14,4.37256,2018-08-06 10:38:24,393.1412912685448,9098.991114439394,-2.9769575900442113,True
8577,-8.26,116.15,12,4.2632,2018-08-06 14:18:14,406.38768045629956,9086.85879973993,-2.971270132499856,True
8579,-8.24,116.2,10,4.20852,2018-08-06 14:52:07,411.8902130497012,9089.08145854832,-3.234707437028687,True
8580,-8.23,116.43,12,4.37256,2018-08-06 15:22:10,437.2211709230917,9090.23044812225,-3.5390991875906925,True
8581,-8.43,116.03,21,4.8776,2018-08-06 15:50:55,393.2168693122148,9068.031958492338,-2.7624159930185694,True
8582,-8.37,116.44,10,4.04448,2018-08-06 15:57:11,438.34442712213394,9074.753844541472,-4.448848187208283,True
8588,-8.3,116.24,17,4.04448,2018-08-06 17:37:31,416.30861595334005,9082.456311116333,-3.14975515231011,True
8589,-8.28,116.25,12,4.37256,2018-08-06 17:49:28,417.4057058104705,9084.669651343054,-4.059637769901951,True
8592,-8.32,116.4,10,5.03652,2018-08-06 18:21:19,433.93190570631396,9080.275318390717,-3.8149619503295256,True
8593,-8.15,116.34,10,4.48192,2018-08-06 18:32:59,427.29381504819247,9099.05998905497,-3.678853231608645,True
8594,-8.19,116.33,10,4.42724,2018-08-06 18:36:56,426.19950749824545,9094.635785622748,-4.581501747576393,True
8595,-8.12,116.33,10,4.37256,2018-08-06 18:43:06,426.1866693861146,9102.374963704788,-4.357703952558166,True
8602,-8.19,116.32,10,4.2632,2018-08-06 19:22:38,425.0979580225689,9094.633936835493,-4.450838233397466,True
8603,-8.2,116.33,10,4.42724,2018-08-06 19:27:30,426.2013504524673,9093.530186602951,-5.003881668401179,True
8608,-8.32,116.1,11,4.09916,2018-08-06 20:04:38,400.89567448629134,9080.212739231374,-2.819030929371501,True
8609,-8.24,116.3,10,4.04448,2018-08-06 20:13:00,422.90450324286815,9089.102123154322,-3.3298339680576756,True
8610,-8.37,116.21,10,4.48192,2018-08-06 20:28:25,413.02028060897385,9074.710414060082,-3.0573409193237815,True
8611,-8.11,116.33,20,4.15384,2018-08-06 21:00:17,426.1848443089307,9103.480558430405,-3.907915919458101,True
8615,-8.21,116.38,10,4.37256,2018-08-06 23:16:03,431.7106358045145,9092.433441031828,-3.265348092730931,True
8617,-8.29,116.18,10,4.20852,2018-08-07 00:13:26,409.69869907263165,9083.548799203705,-2.912539129461218,True
8619,-7.9,116.3,10,4.04448,2018-08-07 01:26:38,422.8400288269345,9126.69249092989,-2.5566091355037504,True
8620,-8.16,116.24,10,4.09916,2018-08-07 01:45:03,416.2792236104726,9097.935016902105,-2.8766134926624973,True
8622,-8.16,116.31,10,4.5366,2018-08-07 03:01:10,423.99072620792174,9097.94886775487,-2.973025883463127,True
8623,-8.25,116.25,10,4.09916,2018-08-07 03:18:07,417.3994640863666,9087.986515166636,-3.33892470433223,True
8637,-8.06,116.37,10,4.20852,2018-08-07 05:41:31,430.5833474614548,9109.015535233397,-2.8056300441583257,True
8638,-8.25,116.18,10,4.04448,2018-08-07 05:47:15,409.6895943068102,9087.971356833386,-2.8595430058641815,True
8639,-8.33,116.04,11,4.71868,2018-08-07 06:01:11,394.2908242509644,9079.09153563932,-2.6241884430250066,True
8645,-8.18,116.71,10,4.5366,2018-08-07 09:49:01,468.0562780299498,9095.791280738724,-2.8362446806431656,True
8646,-8.2,116.26,12,4.09916,2018-08-07 10:09:06,418.4906493020366,9093.516653716304,-2.8823094803936136,True
8648,-8.08,116.25,11,4.31788,2018-08-07 10:51:18,417.36451952600277,9106.781985377282,-2.836979936578717,True
8653,-8.07,116.37,10,4.04448,2018-08-07 12:31:22,430.5850530488625,9107.909951639458,-3.257350749538765,True
8654,-8.27,116.21,15,4.48192,2018-08-07 14:04:39,412.99822001019237,9085.766756795176,-3.1980256432854097,True
8660,-8.22,116.23,12,4.09916,2018-08-07 16:26:56,415.19027167073773,9091.299195967058,-2.839959502237849,True
8673,-8.21,116.09,12,4.42724,2018-08-08 00:50:04,399.76665590544684,9092.372530934177,-2.4753380378224223,True
8676,-8.31,116.16,13,4.59128,2018-08-08 02:10:54,407.50075812509016,9081.33290546334,-3.2048545105302906,True
8684,-8.29,116.14,10,4.15384,2018-08-08 11:41:31,405.2934457784088,9083.539486520238,-2.803695319551953,True
8688,-8.0,116.56,14,4.15384,2018-08-08 15:00:49,451.51189632771724,9115.676237040714,-2.4534778077885173,True
8698,-8.15,116.18,11,4.2,2018-08-08 23:32:49,409.66702381284676,9099.027713258363,-2.423287618316354,True
8700,-8.53,116.14,20,4.04448,2018-08-09 03:27:13,405.3517035090797,9057.003695575704,-2.398035479166879,True
8701,-8.44,116.21,14,5.51328,2018-08-09 05:25:32,413.0358797322545,9066.97094160344,-2.5962890924355415,True
8714,-8.19,116.38,35,4.2632,2018-08-09 08:17:36,431.70722295138904,9094.644618631068,-2.788182483244362,True
8715,-8.28,116.07,10,4.2632,2018-08-09 08:29:20,397.5815577718101,9084.627793328156,-2.8785753873838256,True
8718,-8.27,116.5,10,4.09916,2018-08-09 09:06:54,444.93659163412997,9085.818475094262,-3.2711847080721177,True
8731,-8.08,116.46,16,4.2632,2018-08-09 14:27:10,440.503245350037,9106.818599148986,-2.5189278481494743,True
8737,-8.19,116.2,11,4.09916,2018-08-09 17:35:25,411.8791831310268,9094.609614429546,-2.416290444899767,True
8751,-8.33,116.58,10,4.71868,2018-08-09 20:33:03,453.75392323389383,9079.195286836888,-3.189145539836052,True
8752,-8.21,116.2,10,4.42724,2018-08-09 20:55:23,411.88358709459203,9092.398353689036,-2.9705423674802165,True
8767,-8.2,116.51,12,4.37256,2018-08-10 02:10:34,446.0284058952487,9093.558814342066,-2.8324697589293986,True
8783,-8.2,116.45,14,4.2632,2018-08-10 09:59:44,439.4194539124253,9093.550259082733,-2.8027498459332567,True
8784,-8.42,116.57,10,4.37256,2018-08-10 10:40:00,452.66368312784726,9069.244009736905,-3.164907373533109,True
8793,-8.08,116.48,10,4.79814,2018-08-10 15:57:37,442.7068884854483,9106.821464352117,-2.4206907450061124,True
8805,-8.41,116.1,16,4.20852,2018-08-10 20:59:39,400.9184161615305,9070.2617370074,-2.2191821925792095,False
8810,-8.36,116.59,10,4.37256,2018-08-10 22:21:04,454.8584832584342,9075.87975755325,-3.0770163266813206,True
8817,-8.2,116.21,10,4.09916,2018-08-11 01:50:59,412.9829343253282,9093.506164470524,-2.6269138582048464,True
8820,-8.29,116.69,10,4.15384,2018-08-11 04:59:59,465.86266708971556,9083.628657342937,-2.560958887884048,True
8830,-8.01,116.46,10,4.09916,2018-08-11 15:31:03,440.4930373160511,9114.557556813654,-2.193958453852457,False
8831,-8.19,116.32,10,4.48192,2018-08-11 15:42:08,425.0979580225689,9094.633936835493,-2.6399491873112084,True
8837,-8.28,116.45,12,4.31788,2018-08-11 18:53:54,439.4316224766315,9084.705637841938,-3.1126003774151667,True
8847,-8.32,116.65,15,4.15384,2018-08-12 00:59:16,461.4607265810355,9080.308343437126,-2.667366855746837,True
8855,-8.19,116.43,10,4.2632,2018-08-12 13:45:44,437.2148881674001,9094.652766783442,-2.5904362860069625,True
8871,-8.29,116.15,13,4.59128,2018-08-13 01:42:23,406.3947631970194,9083.541856280453,-2.1521816938717175,False
8881,-8.54,116.9,17,4.04448,2018-08-13 14:01:42,488.99506286034256,9056.002091313423,-1.922830953487115,False
8884,-8.37,116.1,32,4.09916,2018-08-13 14:33:21,400.9082787454871,9074.68441010447,-2.0448369368965005,False
8897,-8.47,116.07,15,4.09916,2018-08-13 23:29:34,397.6312278902747,9063.619942127341,-1.9521391149366056,False
8910,-8.35,116.69,10,4.04448,2018-08-14 15:41:24,465.8678604177379,9076.99536629839,-2.4010084109565306,True
8925,-8.21,116.6,10,4.71868,2018-08-15 09:04:10,455.9428304002589,9092.464243559865,-2.400269847652006,True
8926,-8.4,116.65,10,4.0,2018-08-15 09:08:43,461.46858188126333,9071.46390333573,-3.6881608867307727,True
8927,-8.26,116.59,10,4.31788,2018-08-15 09:17:17,454.84704906283264,9086.93535407232,-4.165444407959232,True
8928,-8.32,116.6,18,4.2632,2018-08-15 09:23:35,455.95503520612056,9080.303129086704,-3.9330967479485683,True
8931,-8.14,116.45,10,4.04448,2018-08-15 15:15:41,439.4104045218753,9100.183702227556,-2.2836146107419517,False
8940,-8.25,116.63,10,4.2632,2018-08-15 19:48:23,459.2512522327566,9088.045213563873,-2.490160812582606,True
8943,-8.31,116.64,10,4.42724,2018-08-15 22:12:12,460.35858613165595,9081.41290986191,-2.5162137505266524,True
8978,-8.25,116.6,10,4.59128,2018-08-17 15:21:09,455.94724983991017,9088.042027791766,-2.425974741132501,True
8998,-8.36,116.19,10,4.04448,2018-08-18 12:39:07,410.81584862554774,9075.811579863741,-2.0263946560443657,False
9004,-8.27,116.03,10,4.20852,2018-08-18 15:12:37,393.1733713369506,9085.72295627346,-1.824130791279073,False
9006,-8.25,116.23,14,4.09916,2018-08-18 16:06:45,415.19665678062404,9087.982322184458,-2.058579364228434,False
9009,-8.78,116.24,25,4.15384,2018-08-18 17:39:07,416.4131592628544,9029.38564266483,-1.6714876887735657,False
9011,-8.3,116.06,11,4.31788,2018-08-18 20:12:57,396.4854207520059,9082.413855164023,-2.391780081514531,True
9012,-8.29,116.22,15,4.09916,2018-08-18 23:47:36,414.10390989520823,9083.557668280311,-2.1056523342752897,False
9013,-8.32,116.61,10,5.19544,2018-08-19 04:06:12,457.0561759400879,9080.304227580596,-2.5144793240207677,True
9014,-8.44,116.59,18,6.43545,2018-08-19 04:10:23,454.86772901891334,9067.035240434001,-4.566755844723659,True
9015,-8.42,116.55,10,4.48192,2018-08-19 04:19:35,450.4619513183114,9069.241533864186,-6.2503868590327505,True
9016,-8.36,116.64,10,4.04448,2018-08-19 04:27:49,460.3636209760431,9075.88513597137,-5.450169633533896,True
9017,-8.38,116.58,10,4.31788,2018-08-19 04:45:34,453.75981128873116,9073.667469409473,-5.448275661703958,True
9026,-8.43,116.56,10,4.09916,2018-08-19 06:26:08,451.56406189323616,9068.137215698745,-5.323027513589424,True
9029,-8.32,116.61,10,4.04448,2018-08-19 07:26:37,457.0561759400879,9080.304227580596,-5.177738300044619,True
9036,-8.31,116.68,14,4.48192,2018-08-19 09:30:30,464.7632346142347,9081.416687562029,-3.8277091834500325,True
9038,-8.84,116.52,17,4.09916,2018-08-19 09:47:36,447.2177160621588,9022.80292318038,-3.1475206592830833,True
9039,-8.29,116.69,10,4.79814,2018-08-19 09:50:10,465.86266708971556,9083.628657342937,-4.310589280278919,True
9040,-8.26,116.63,10,4.71868,2018-08-19 10:42:17,459.252277306534,9086.939662008766,-3.6309596900958114,True
9041,-8.26,116.67,10,4.04448,2018-08-19 11:08:31,463.65748638122136,9086.943528076907,-4.040068859572411,True
9044,-8.35,116.69,18,4.04448,2018-08-19 12:41:32,465.8678604177379,9076.99536629839,-3.7383976952464346,True
9050,-8.27,116.73,10,4.20852,2018-08-19 14:23:07,470.2660174998391,9085.842956993238,-3.3160855641497466,True
9051,-8.29,116.7,10,4.2632,2018-08-19 14:34:56,466.9638812490606,9083.62950256091,-4.0526680664619805,True
9052,-8.37,116.7,18,6.70488,2018-08-19 14:56:27,466.97059030773903,9074.785117991987,-3.6596607719575474,True
9053,-8.46,116.58,22,5.59274,2018-08-19 15:16:38,453.7693049731248,9064.822932590421,-5.354857422734801,True
9054,-8.41,116.57,10,5.51328,2018-08-19 15:29:00,452.6624688761963,9070.349577937734,-5.217336644269201,True
9055,-8.39,116.9,16,4.0,2018-08-19 15:39:50,488.99080229049525,9072.585230912255,-4.821757517050222,True
9056,-8.27,116.98,10,4.95706,2018-08-19 15:45:58,497.797490601732,9085.852978914105,-4.491400709060972,True
9057,-8.39,116.83,12,4.8776,2018-08-19 15:47:26,481.28434658404404,9072.582581479537,-5.046220774099486,True
9058,-8.52,116.88,21,4.5366,2018-08-19 15:51:40,486.79338570317697,9058.212557867133,-4.607524120708002,True
9059,-8.35,117.05,10,4.15384,2018-08-19 15:58:24,505.5051585771687,9077.00842661795,-4.280517258725456,True
9062,-8.41,116.89,10,4.04448,2018-08-19 16:06:51,487.89050139335177,9070.37385788831,-4.635311708629215,True
9063,-8.34,116.86,10,4.31788,2018-08-19 16:09:24,484.585151024796,9078.111578090626,-4.742339159826485,True
9064,-8.33,116.96,13,4.48192,2018-08-19 16:18:51,495.59564943527954,9079.219620734202,-4.356021580012226,True
9065,-8.39,116.91,10,5.03652,2018-08-19 16:21:09,490.09172298269414,9072.58549725665,-4.497620984823915,True
9066,-8.3,116.66,10,4.48192,2018-08-19 16:23:58,462.5599649508718,9082.520405114614,-5.146181670385445,True
9067,-8.55,116.85,17,4.09916,2018-08-19 16:28:44,483.4930142660631,9054.894759444061,-4.383115959238508,True
9068,-8.29,116.77,10,4.20852,2018-08-19 16:31:40,474.6723549886537,9083.634643121099,-4.918802179472853,True
9069,-8.38,116.86,11,5.19544,2018-08-19 16:37:38,484.5867220444569,9073.689424869932,-4.611166450796994,True
9070,-8.38,116.79,10,4.8,2018-08-19 16:40:04,476.88005534470875,9073.685994386045,-5.19338856123467,True
9071,-8.26,116.73,10,4.20852,2018-08-19 16:46:54,470.2652685848046,9086.948498696092,-4.802984320824488,True
9074,-8.34,116.42,21,4.20852,2018-08-19 16:59:31,436.13749224191736,9078.067423950664,-4.134571554753204,True
9075,-8.25,116.78,10,4.5366,2018-08-19 17:01:04,475.77111992596167,9088.057418624032,-4.589014821664706,True
9076,-8.37,116.9,10,4.2632,2018-08-19 17:04:29,488.9902398801014,9074.796306636717,-4.559997139486357,True
9077,-8.27,116.75,10,4.09916,2018-08-19 17:10:57,472.4685487513132,9085.84439463169,-4.732009050170233,True
9078,-8.35,116.72,10,4.0,2018-08-19 17:15:42,469.17099741416973,9076.997836061775,-5.674225873816354,True
9079,-8.41,116.89,10,4.37256,2018-08-19 17:20:18,487.89050139335177,9070.37385788831,-4.384126256373996,True
9080,-8.27,116.72,10,4.71868,2018-08-19 17:28:40,469.1647505790815,9085.842196702159,-4.7409923491444745,True
9081,-8.28,116.74,10,4.04448,2018-08-19 17:36:56,471.3680055897927,9084.738148244316,-4.944271608959006,True
9084,-8.57,116.91,37,4.20852,2018-08-19 17:50:17,490.09633249307296,9052.685719990737,-3.9608068166687347,True
9085,-8.89,116.84,29,4.31788,2018-08-19 18:01:39,482.4084597254294,9017.305284195294,-3.4997712179941134,True
9086,-8.37,116.95,10,4.09916,2018-08-19 18:08:34,494.4951219608594,9074.797355560671,-4.0239732564083805,True
9088,-8.2,116.61,10,4.8776,2018-08-19 18:18:36,457.0432022927982,9093.570879223995,-4.178149159171892,True
9089,-8.44,116.93,13,4.95706,2018-08-19 18:23:25,492.29455182646797,9067.058250864175,-4.018219821953751,True
9091,-8.42,116.79,11,4.09916,2018-08-19 18:34:02,476.882423088061,9069.26381632606,-4.584636603599468,True
9092,-8.38,116.92,10,4.5366,2018-08-19 18:39:18,491.1924182866924,9073.691273121918,-4.377055167183704,True
9093,-8.24,116.87,11,4.15384,2018-08-19 18:45:59,485.6825968865529,9089.167294234005,-4.051867652194225,True
9099,-8.25,116.77,10,4.42724,2018-08-19 19:13:17,474.66980160917893,9088.056798034282,-4.300551576883001,True
9100,-8.3,116.74,10,4.04448,2018-08-19 19:18:41,471.36945227694963,9082.527063806014,-4.669584542840038,True
9104,-8.4,116.87,10,4.5366,2018-08-19 19:38:06,485.68840436246575,9071.478723839859,-4.114958434628409,True
9105,-8.41,116.84,10,4.31788,2018-08-19 19:41:04,482.38617221108535,9070.371961054987,-4.954935985174221,True
9112,-8.31,116.79,10,4.37256,2018-08-19 20:06:43,476.8759387430633,9081.424784531104,-4.395615211970369,True
9113,-8.45,116.68,23,4.04448,2018-08-19 20:11:59,464.7758328955776,9065.938947442115,-4.572186385353805,True
9114,-8.35,116.73,10,4.31788,2018-08-19 20:12:27,470.2720412253768,9076.998603500146,-5.151081719949395,True
9116,-8.33,116.76,10,4.2632,2018-08-19 20:19:36,473.5738241479346,9079.211825093584,-4.659704407637746,True
9117,-8.3,116.78,10,4.15384,2018-08-19 20:35:33,475.7741747099188,9082.52972726016,-4.368170601838438,True
9118,-8.32,116.91,10,4.5366,2018-08-19 20:39:40,490.0899566407264,9080.32425037959,-3.873519859029895,True
9119,-8.19,116.78,10,4.48192,2018-08-19 20:56:14,475.76747839169815,9094.690630132478,-3.9108855136587017,True
9120,-8.36,116.93,10,4.95706,2018-08-19 21:21:51,492.2929733464785,9075.90255610221,-3.7788868133922655,True
9123,-8.27,116.58,10,4.64596,2018-08-19 21:44:52,453.7469037730303,9085.82864952184,-4.020106121602985,True
9124,-8.62,116.4,10,4.95706,2018-08-19 21:50:01,433.9830669749591,9047.107327398036,-3.378143818416429,True
9125,-8.16,116.6,10,4.04448,2018-08-19 22:03:39,455.93733611238224,9097.992001009969,-3.7209419702269924,True
9126,-8.18,116.79,10,4.09916,2018-08-19 22:16:09,476.8683846405844,9095.79675158345,-4.022122712782189,True
9127,-8.17,116.61,10,4.59128,2018-08-19 22:21:31,457.03998814069314,9096.887529837946,-4.205388409679486,True
9128,-8.2,116.62,10,4.2632,2018-08-19 22:28:19,458.14467444692406,9093.571934888505,-4.6470687386992555,True
9130,-8.41,116.84,10,4.5366,2018-08-19 22:55:06,482.38617221108535,9070.371961054987,-4.254311014937043,True
9131,-8.4,116.94,12,4.15384,2018-08-19 23:12:58,493.39465246588907,9071.480590409667,-3.6399262564692703,True
9133,-8.26,116.53,14,4.79814,2018-08-19 23:29:55,448.23916622180934,9086.928063641628,-3.7412219082306226,True
9134,-8.26,116.59,10,4.09916,2018-08-19 23:38:35,454.84704906283264,9086.93535407232,-4.324210209384705,True
9143,-8.24,116.62,10,4.04448,2018-08-20 00:52:25,458.1488678297798,9089.149731450458,-3.869691455268976,True
9144,-8.26,116.73,10,4.2632,2018-08-20 01:06:31,470.2652685848046,9086.948498696092,-4.060772744736779,True
9149,-8.32,116.73,10,5.03652,2018-08-20 01:30:32,470.2697755775277,9080.315240209398,-4.511414456759927,True
9151,-8.35,116.87,13,4.04448,2018-08-20 02:18:18,485.6865776088496,9077.006417357938,-3.73693912093754,True
9157,-8.32,116.8,10,4.2632,2018-08-20 03:40:20,477.97764702068906,9080.319814835686,-3.9821507944493924,True
9158,-8.29,116.73,10,4.04448,2018-08-20 03:43:55,470.267518030476,9083.631871935557,-4.161983709201225,True
9159,-8.34,116.8,10,4.37256,2018-08-20 03:56:37,477.9787651832152,9078.108734937125,-4.234998243165302,True
9168,-8.38,116.9,10,4.37256,2018-08-20 05:07:46,488.99052091864183,9073.6907690538,-3.632827799613327,True
9171,-8.26,116.19,10,4.15384,2018-08-20 05:46:00,410.7932563560362,9086.867969145447,-2.8467340398322225,True
9173,-8.39,116.89,10,4.42724,2018-08-20 06:26:04,487.889881275051,9072.584936531463,-3.9143453389230487,True
9174,-8.29,116.72,10,4.37256,2018-08-20 06:29:44,469.16630668707097,9083.631109857099,-4.101209891093355,True
9181,-8.27,116.45,10,4.2632,2018-08-20 08:12:06,439.4300949873825,9085.811217405608,-3.2396466567361597,True
9189,-8.3,116.7,12,4.09916,2018-08-20 09:25:13,466.9647163810367,9082.523956426656,-4.139804286532403,True
9195,-8.23,116.48,10,4.95706,2018-08-20 10:31:34,442.72823875679654,9090.23794689927,-3.205905186346871,True
9199,-8.39,116.93,10,4.42724,2018-08-20 11:38:46,492.2935635266543,9072.585945836398,-3.2685895138561127,True
9208,-8.26,116.73,10,4.04448,2018-08-20 13:01:11,470.2652685848046,9086.948498696092,-3.72402157673473,True
9210,-8.36,116.94,10,4.1,2018-08-20 13:17:21,493.3939775745073,9075.902737704559,-3.6968227119402637,True
9211,-8.31,116.83,10,4.71868,2018-08-20 13:25:13,481.280535775267,9081.426895556784,-3.5635402346247735,True
9218,-8.36,116.93,10,4.31788,2018-08-20 15:15:59,492.2929733464785,9075.90255610221,-4.193956001820971,True
9223,-8.3,116.56,10,4.37256,2018-08-20 16:43:39,451.5480048198361,9082.509584570349,-3.441812372192866,True
9232,-8.18,116.49,10,4.09916,2018-08-20 20:34:07,443.8226247402445,9095.767208370298,-2.9675917651612567,True
9233,-8.31,117.01,10,4.31788,2018-08-20 20:58:17,501.10114340120214,9081.430895372878,-2.889248669263013,True
9238,-8.16,116.48,10,4.5366,2018-08-20 21:53:52,442.7182267375859,9097.97693682589,-3.2936474380843275,True
9239,-8.27,116.46,10,4.37256,2018-08-20 21:55:27,440.5313977486967,9085.812724247866,-4.343585559666124,True
9241,-8.21,116.48,13,4.5366,2018-08-20 22:28:36,442.7253695094713,9092.44908959142,-3.561360381378081,True
9243,-8.15,116.47,10,4.20852,2018-08-20 23:20:20,441.6151733759122,9099.081073601857,-4.0462993664961395,True
9246,-8.32,116.86,10,4.15384,2018-08-21 00:01:33,484.58436831502615,9080.322651363145,-3.2867858740394107,True
9248,-8.45,116.91,10,5.1,2018-08-21 01:09:25,490.0932486891849,9065.952258489582,-3.068337787705558,True
9249,-8.35,116.99,10,4.15384,2018-08-21 01:15:48,498.89896841393164,9077.008761493911,-4.248313960461302,True
9254,-8.34,116.78,14,4.04448,2018-08-21 02:28:06,475.7766317390458,9078.107564222637,-3.7239186995780704,True
9260,-8.4,116.87,10,4.31788,2018-08-21 03:52:51,485.68840436246575,9071.478723839859,-3.489217946569311,True
9263,-8.38,116.9,10,4.42724,2018-08-21 04:08:01,488.99052091864183,9073.6907690538,-3.9199175963077426,True
9271,-8.38,117.0,10,4.20852,2018-08-21 07:21:11,500.0,9073.692169241895,-2.7957990704751343,True
9274,-8.4,116.91,16,4.04448,2018-08-21 09:38:18,490.0919765172161,9071.479958864185,-3.3605639207982696,True
9277,-8.34,116.79,10,4.2632,2018-08-21 10:15:27,476.8776988007623,9078.108163517265,-3.5652666964357755,True
9286,-8.29,116.98,10,4.15384,2018-08-21 14:09:12,497.79760175013104,9083.641917417095,-2.74868454051714,True
9288,-8.16,116.36,14,4.20852,2018-08-21 14:52:12,429.49887458233513,9097.957942260418,-2.5206428301935397,True
9289,-8.24,116.74,10,4.64596,2018-08-21 16:04:11,471.3651226176521,9089.160310511974,-3.2542032372367165,True
9290,-8.51,116.56,18,4.04448,2018-08-21 16:32:40,451.5740663570185,9059.292634165402,-3.2804212654032052,True
9297,-8.28,116.64,10,4.2632,2018-08-21 18:51:41,460.35557962675034,9084.729567566164,-3.391010395148209,True
9313,-8.31,116.89,10,4.5366,2018-08-22 02:36:32,487.8874154679794,9081.429228786345,-2.9105869443315115,True
9314,-8.28,116.88,10,4.09916,2018-08-22 03:35:13,486.7852677917512,9084.74551091353,-3.6526679774264186,True
9315,-8.34,117.14,12,4.20852,2018-08-22 04:35:41,515.414848975204,9078.111578090626,-2.3449335193301923,True
9318,-8.46,116.98,16,4.09916,2018-08-22 05:48:32,497.79855727854334,9064.847804866855,-2.6174174588319894,True
9323,-8.24,116.75,17,4.15384,2018-08-22 09:02:15,472.4664709378117,9089.161013020572,-3.336721201897325,True
9324,-8.28,116.78,10,4.20852,2018-08-22 09:51:12,475.7729505959037,9084.74080545956,-3.207278180976578,True
9327,-8.25,116.8,10,4.15384,2018-08-22 13:05:26,477.9737544545901,9088.058577056358,-3.005699467152651,True
9328,-8.15,116.82,10,4.8776,2018-08-22 14:50:22,480.1714326884981,9099.114940732432,-2.6652101520239224,True
9331,-8.28,116.85,10,4.59128,2018-08-22 16:05:37,483.4815781846071,9084.744389911955,-2.9112393642305077,True
9352,-8.08,116.87,12,4.09916,2018-08-23 14:15:05,485.67690037457027,9106.85572397349,-2.3388698720998162,True
9359,-8.23,116.16,10,4.5366,2018-08-23 18:08:36,407.4821043044478,9090.178063900656,-1.9745472187784003,False
9362,-8.22,116.14,10,4.20852,2018-08-23 18:53:49,405.2767650333192,9091.279033175137,-4.011719993005951,True
9366,-8.41,115.93,15,4.20852,2018-08-23 20:06:59,382.2010755777646,9070.214670198431,-1.8069503737523285,False
9368,-8.31,116.68,15,4.2632,2018-08-23 21:26:29,464.7632346142347,9081.416687562029,-3.467007579024083,True
9373,-8.37,116.8,12,4.09916,2018-08-23 23:21:58,477.9804474271771,9074.792110921204,-3.147285413676597,True
9380,-8.24,116.77,10,4.42724,2018-08-24 07:23:20,474.6691651814318,9089.162335387258,-2.8385660957056333,True
9383,-8.26,116.73,10,4.04448,2018-08-24 08:27:59,470.2652685848046,9086.948498696092,-3.258009263629228,True
9384,-8.48,116.9,12,4.0,2018-08-24 12:47:02,488.993349634925,9062.635362393257,-2.519649789277177,True
9390,-7.99,116.43,13,4.2632,2018-08-24 22:17:21,437.1839306596967,9116.76423105502,-1.9863771831888868,False
9392,-8.25,116.15,10,4.09916,2018-08-25 04:15:07,406.38532521154985,9087.96444648108,-2.351697810309851,True
9411,-8.22,116.67,10,4.59128,2018-08-25 16:27:14,463.6538359888288,9091.365712805,-2.700653667061705,True
9415,-8.42,116.93,10,5.5,2018-08-25 18:33:16,492.29415580664835,9069.269330536332,-2.401860245279502,True
9420,-8.45,116.92,10,4.0,2018-08-25 19:19:38,491.1939995669426,9065.952498452563,-4.7841877839299105,True
9422,-8.45,116.91,10,4.1,2018-08-25 20:31:47,490.0932486891849,9065.952258489582,-4.287019066147387,True
9445,-8.3,117.01,10,5.1,2018-08-26 03:54:03,501.1011712716455,9082.536427455356,-2.6486667479103185,True
9452,-8.35,116.9,12,4.20852,2018-08-26 06:36:41,488.9896788029916,9077.007380129262,-2.9806626961828573,True
9453,-8.41,116.92,10,4.09916,2018-08-26 06:37:33,491.19309437845664,9070.374658771565,-4.651214325785113,True
9478,-8.05,116.43,10,4.2632,2018-08-26 22:48:05,437.1931380533993,9110.130814192406,-1.9214154163326431,False
9493,-8.25,116.62,10,4.31788,2018-08-27 14:12:28,458.14991934320705,9088.044179224302,-2.6247997816255504,True
9503,-8.4,116.82,10,4.15384,2018-08-27 22:48:26,480.1839294729121,9071.476548506302,-2.7171811884877544,True
9505,-8.34,116.92,10,4.04448,2018-08-27 22:54:36,491.1915205641387,9078.113417770446,-3.3201360091134426,True
9507,-8.43,116.6,10,4.42724,2018-08-28 03:13:28,455.96740136449284,9068.141947796366,-3.9012137722087723,True
9517,-8.12,116.29,10,4.31788,2018-08-28 19:18:53,421.7796914870597,9102.367467051778,-1.73045094178259,False
9528,-8.34,116.78,13,4.04448,2018-08-29 12:30:41,475.7766317390458,9078.107564222637,-2.898690734419516,True
9531,-8.2,116.55,15,4.04448,2018-08-29 16:46:14,450.43434169397915,9093.56396936963,-2.209542391307097,False
9534,-8.16,116.34,12,4.04448,2018-08-29 19:27:43,427.2956216849176,9097.954394351449,-1.847318593286492,False
9535,-8.06,116.36,10,4.09916,2018-08-29 19:30:00,429.4814518569252,9109.013822898294,-3.722804171210764,True
9536,-8.19,116.85,10,4.37256,2018-08-29 22:03:02,483.4778471604979,9094.694176691528,-2.177068174568092,False
9537,-8.31,116.06,10,4.59128,2018-08-29 23:10:33,396.48804115347673,9081.308179547243,-1.7822059661310203,False
9544,-8.26,116.81,10,4.2632,2018-08-30 15:45:12,479.07559710715105,9086.953579727151,-2.4323115324097877,True
9549,-8.08,116.34,10,4.15384,2018-08-30 19:56:10,427.28123023030463,9106.7991369887,-1.8679331329812787,False
9554,-8.26,116.26,13,4.48192,2018-08-31 02:21:49,418.5029144379629,9086.882951957214,-1.84646714052716,False
9555,-8.35,116.11,10,4.95706,2018-08-31 02:37:15,402.0043891653548,9076.8982415008,-2.9903794609646317,True
9571,-8.19,116.59,10,4.2632,2018-09-01 15:00:56,454.8391264621505,9094.674238979416,-2.1476683361517424,False
9572,-8.15,116.22,10,4.04448,2018-09-01 17:37:45,414.07378025328654,9099.036436635592,-1.5917509867191546,False
9573,-8.18,116.43,16,5.03652,2018-09-02 00:15:46,437.21332223058937,9095.758345094446,-1.9659255342085715,False
9581,-7.97,116.29,13,4.09916,2018-09-02 05:59:50,421.75092922921897,9118.95146704516,-1.976678008912354,False
9584,-8.25,116.65,10,4.37256,2018-09-02 21:48:02,461.4539144495902,9088.0471994904,-2.442299496889684,True
9585,-8.11,116.84,10,4.31788,2018-09-03 01:32:42,482.3728663398818,9103.537974002122,-1.868011032414712,False
9587,-8.29,116.2,10,4.04448,2018-09-03 03:35:45,411.90130966334846,9083.553289191506,-1.8851346833889802,False
9594,-8.25,116.79,19,4.15384,2018-09-03 16:08:11,476.87243753030305,9088.05801163136,-2.321784250562092,True
9595,-8.27,116.81,15,4.2,2018-09-03 17:35:34,479.0761241165761,9085.848044004782,-3.1512653511415802,True
9598,-8.26,116.12,10,4.37256,2018-09-03 19:41:41,403.0834697416333,9086.85163258332,-1.4926847997353805,False
9602,-8.22,116.82,10,4.2632,2018-09-03 23:14:14,480.1748939790612,9091.376225575152,-2.199397685976238,False
9603,-8.25,116.11,11,4.15384,2018-09-03 23:18:36,401.9795943907138,9087.95484632673,-3.4717001161386176,True
9605,-8.49,116.91,10,4.3,2018-09-04 02:45:54,490.0942718255529,9061.530088056303,-1.980262955249482,False
9607,-8.01,116.41,10,4.5366,2018-09-04 04:07:36,434.9829528925868,9114.54998512454,-1.5256676908216682,False
9611,-8.49,116.93,10,4.0,2018-09-04 11:24:57,492.2955459584014,9061.530541826936,-2.7785019476188495,True
9615,-8.28,116.81,10,4.2632,2018-09-04 16:05:35,479.07665175946715,9084.742507731358,-2.730534764904695,True
9618,-8.29,117.02,10,4.15384,2018-09-05 04:04:11,502.20239824986896,9083.641917417095,-2.4264736767175106,True
9620,-7.96,116.42,10,4.20852,2018-09-05 11:51:31,436.0771998828592,9120.07940057413,-1.8090901999324087,False
9627,-8.34,116.99,10,4.8776,2018-09-06 06:43:09,498.8989404101457,9078.114295797308,-1.7953111058013342,False
9631,-8.28,116.67,11,4.79814,2018-09-07 17:14:36,463.6593181791768,9084.732432420302,-2.5348329477297575,True
9633,-8.14,116.8,10,4.42724,2018-09-08 14:29:58,477.96770358412317,9100.219434783117,-1.8400284887457323,False
9635,-8.15,116.55,10,4.79814,2018-09-09 04:53:36,450.4281680577459,9099.091758670873,-1.786731212159105,False
9638,-8.16,116.54,15,4.2632,2018-09-09 17:18:30,449.3278082704897,9097.984960193215,-3.390449544176211,True
9641,-8.21,116.59,10,4.79814,2018-09-10 03:50:15,454.84138322655275,9092.46313173404,-1.9904030633364334,False
9642,-8.1,116.48,10,4.79814,2018-09-10 08:49:18,442.70971264186943,9104.610335692796,-2.120575472108712,False
9643,-8.32,116.47,10,5.11598,2018-09-10 20:22:27,441.64007611330106,9080.286317687496,-2.7820816035248814,True
9645,-8.08,116.4,10,4.09916,2018-09-10 22:22:28,433.8922728427165,9106.809354710493,-2.52401123761708,True
9647,-8.16,116.37,10,4.15384,2018-09-10 22:42:32,430.60049790216107,9097.959675269083,-2.9608700801619534,True
9650,-8.34,116.2,10,4.1,2018-09-11 02:40:05,411.9124729640036,9078.025106279567,-1.9775778640472947,False
9651,-8.46,116.09,42,4.09916,2018-09-11 03:39:27,399.8303018304186,9064.730824970049,-2.0453080536944306,False
9654,-7.99,116.3,11,4.15384,2018-09-11 08:56:04,422.8568328607008,9116.74215896573,-1.4523218433285983,False
9660,-8.24,116.65,10,4.20852,2018-09-11 17:59:33,461.45294595569504,9089.152748156717,-2.1850106648397967,False
9663,-8.15,116.38,13,4.04448,2018-09-11 22:29:21,431.7004220574957,9099.06696735365,-2.419882885633909,True
9673,-8.61,116.07,11,4.15384,2018-09-12 21:49:35,397.6685429980553,9048.140346064303,-1.2127000539726773,False
9684,-8.14,116.39,10,4.3,2018-09-14 04:57:08,432.80040099324606,9100.174227601252,-1.9431614886709798,False
9685,-8.16,116.58,10,4.15384,2018-09-14 05:58:58,453.73416569841726,9097.989763240874,-2.1336210956881025,False
9689,-8.21,116.49,10,4.59128,2018-09-14 20:55:04,443.8268330783161,9092.450503430486,-1.9402872639227928,False
9706,-8.15,116.29,10,4.71868,2018-09-18 07:27:16,421.7855078877968,9099.050652714493,-1.494301976814088,False
9708,-8.33,116.06,15,4.5366,2018-09-18 18:45:06,396.49329135930475,9079.096826694931,-1.3418536921393185,False
9718,-8.21,116.64,10,4.09916,2018-09-20 05:09:21,460.34860645870083,9092.468416318137,-1.9074430621780785,False
9727,-8.32,116.14,13,4.15384,2018-09-21 07:54:35,405.30063768467255,9080.222529858574,-1.3532133309635639,False
9737,-8.19,116.42,13,4.09916,2018-09-22 09:32:28,436.1133589486691,9094.651191939935,-2.0495240734140343,False
9738,-8.15,116.45,10,4.04448,2018-09-22 12:18:57,439.41190816788946,9099.078129719412,-2.415960412097911,True
9739,-8.33,116.75,11,4.37256,2018-09-22 17:43:23,472.47272688263223,9079.21114296983,-2.5597512269125704,True
9740,-8.08,116.42,12,4.2632,2018-09-23 02:39:37,436.0959377883554,9106.81254433,-1.4334575231656939,False
9746,-8.47,116.83,13,4.2632,2018-09-23 19:10:47,481.28819365655073,9063.738231629284,-1.8930948939679648,False
9749,-8.23,116.78,10,4.48192,2018-09-23 23:30:22,475.76990314692483,9090.268491318155,-1.8997729382834005,False
9768,-8.23,116.25,10,4.04448,2018-09-25 07:27:06,417.39531544164413,9090.197755009845,-1.680639906063844,False
9785,-8.22,116.8,10,4.2632,2018-09-28 01:13:31,477.97209621423895,9091.375181178242,-1.8404736706732197,False
9786,-8.23,116.82,10,4.37256,2018-09-28 15:40:44,480.17539085004165,9090.270692652075,-2.436821617585353,True
9809,-8.74,116.47,13,4.04448,2018-10-02 02:07:55,441.70378930153646,9033.851526549584,-1.2046021945452559,False
9864,-8.54,116.85,19,4.20852,2018-10-05 02:52:10,483.4925842090834,9056.000308637147,-1.5455468468650282,False
9872,-8.42,116.75,10,4.95706,2018-10-07 17:57:22,472.47905033229756,9069.261228004621,-2.331677310495732,True
9883,-8.21,116.88,10,4.64596,2018-10-10 02:16:02,486.7829434694895,9092.484228587318,-1.4601844986620867,False
9947,-8.36,116.13,12,4.04448,2018-10-17 14:22:26,404.20914250347266,9075.797496220925,-1.5203488276137904,False
9951,-8.28,116.22,10,4.7,2018-10-18 01:12:59,414.10174087088103,9084.663298098485,-1.6361836722399041,False
9958,-8.41,116.97,10,4.1,2018-10-20 23:21:29,496.69741128061156,9070.375431552573,-1.3642606920259261,False
9975,-8.19,116.72,10,4.5366,2018-10-23 21:52:58,469.1585634904314,9094.686522120244,-1.5509859669617336,False
9977,-8.25,116.41,10,4.2632,2018-10-24 04:08:51,435.02159451638346,9088.016085818277,-1.7464222766451005,False
9990,-8.15,116.43,10,4.5366,2018-10-27 09:30:37,437.2086358259456,9099.075076787443,-1.3907759844432293,False
9991,-8.19,116.38,10,4.20852,2018-10-27 13:31:41,431.70722295138904,9094.644618631068,-2.552399598873947,True
10001,-8.35,116.6,10,4.2632,2018-10-31 16:42:24,455.9583917946614,9076.986449942884,-1.9081864888580138,False
10003,-8.36,116.89,10,4.3,2018-11-01 01:28:34,487.8889538473888,9075.901550303517,-1.4729567135550417,False
10010,-8.17,116.44,10,4.2632,2018-11-02 08:21:24,438.31334048655225,9096.865466639289,-1.7296650744240865,False
10013,-8.25,116.43,10,4.20852,2018-11-03 00:57:40,437.22432370537564,9088.019285532353,-1.7410849574644423,False
10015,-8.42,116.77,19,4.2632,2018-11-04 01:11:09,474.6807381965374,9069.262578434686,-2.004746001600573,False
10018,-8.21,116.49,20,4.04448,2018-11-04 05:02:18,443.8268330783161,9092.450503430486,-1.973995138428349,False
10019,-8.25,115.93,10,4.2632,2018-11-04 12:50:14,382.15320499204665,9087.906180900085,-0.7213893192105828,False
10026,-8.29,116.58,10,4.59128,2018-11-06 01:00:14,453.7492379923156,9083.617530828564,-1.740599859684613,False
10027,-8.5,116.93,10,4.8,2018-11-06 06:49:58,492.29574548457975,9060.424998324563,-1.213301202076938,False
10036,-8.26,116.76,15,4.64596,2018-11-07 18:36:12,473.56914744708956,9086.950611195673,-1.719471610356579,False
10043,-8.32,116.79,11,4.15384,2018-11-08 14:58:09,476.87652472890437,9080.319244747536,-1.9291107044583762,False
10044,-8.45,116.75,17,4.15384,2018-11-08 17:31:55,472.48117314739466,9065.944579620364,-1.9119572460867564,False
10058,-8.3,116.06,11,4.20852,2018-11-11 17:30:11,396.4854207520059,9082.413855164023,-1.4549838477980346,False
10074,-8.22,116.36,10,4.20852,2018-11-15 12:46:31,429.5094306780653,9091.324388107087,-1.4148167518731176,False
10083,-8.37,116.07,11,4.20852,2018-11-17 05:41:17,397.6049462006786,9074.676730383118,-0.8853957078290734,False
10084,-7.99,116.5,10,4.15384,2018-11-17 07:16:48,444.89838758804814,9116.774244075646,-1.0797959082097581,False
10186,-8.51,116.04,17,5.19544,2018-12-06 01:02:47,394.3396580057745,9059.189151046745,-0.7298922519580173,False
10203,-8.21,116.61,10,4.31788,2018-12-08 14:00:40,457.0442762779234,9092.465327931026,-1.3817601819565162,False
10211,-8.15,116.62,10,4.2632,2018-12-11 01:17:43,458.1394612300267,9099.09967693475,-1.1813422135028886,False
10236,-8.33,116.55,10,4.20852,2018-12-18 07:41:41,450.450568709975,9079.191653366088,-1.8998323653556763,False
10238,-8.26,116.18,10,4.20852,2018-12-18 15:53:31,409.6918663967538,9086.865718236233,-0.9427407790502483,False
10249,-8.42,116.74,19,4.95706,2018-12-21 10:43:56,471.37820520462543,9069.260510587332,-1.998306742719041,False
10260,-8.63,116.3,10,4.59128,2018-12-22 05:58:27,422.9817818399019,9045.982987742838,-0.9345910894824921,False
10265,-8.31,116.08,10,4.1,2018-12-22 23:59:50,398.69060785014415,9081.313347077004,-0.7659754170915442,False
10283,-8.19,116.22,11,4.04448,2018-12-26 02:39:57,414.082336697013,9094.613942144024,-1.3476802864362565,False
10289,-8.32,116.8,10,4.71868,2018-12-26 12:22:22,477.97764702068906,9080.319814835686,-1.5965860126368672,False
10332,-8.32,116.05,10,4.04448,2018-12-31 21:53:07,395.3894047161762,9080.199874863612,-0.8531319480048216,False
10359,-8.32,116.03,10,4.2632,2019-01-03 17:33:27,393.18687551476864,9080.194534325019,-1.6118764663274956,False
10367,-8.3,116.13,14,4.20852,2019-01-04 21:46:42,404.1945478631193,9082.431434542948,-1.0930911442346005,False
10370,-8.2,116.16,10,4.15384,2019-01-05 05:31:58,407.4751553413091,9093.494989431862,-1.572923737795247,False
10374,-8.25,116.03,10,4.02,2019-01-05 21:10:03,393.1679923082242,9087.934321297222,-1.0853475760847449,False
10380,-8.3,116.44,13,4.15384,2019-01-06 12:12:20,438.33346184500317,9082.492937166386,-1.838281535813384,False
10547,-8.33,116.93,10,4.48192,2019-01-23 17:59:34,492.2923852662733,9079.219161351268,-1.0002560454977703,False
10549,-8.25,116.79,10,4.15384,2019-01-24 08:32:21,476.87243753030305,9088.05801163136,-1.301392116580056,False
10564,-8.22,116.81,10,4.04448,2019-01-25 09:00:22,479.07349540441294,9091.37571711901,-1.7558763249911722,False
10633,-8.2,116.84,10,4.37256,2019-02-02 20:58:50,482.37680768723527,9093.588222025606,-1.0094028229278413,False
10661,-8.3,116.61,10,4.09916,2019-02-05 19:30:38,457.0540006625626,9082.515341681114,-1.460928140199031,False
10719,-8.74,116.77,31,4.09916,2019-02-12 06:31:15,474.7019256174904,9033.884781940553,-0.6102520672447812,False
10722,-8.38,116.84,10,4.64596,2019-02-12 10:05:44,482.38482002105815,9073.688584753376,-1.3027999080620634,False
10798,-8.25,116.8,10,4.09916,2019-02-24 03:18:34,477.9737544545901,9088.058577056358,-1.196167442104815,False
10902,-8.18,116.46,10,4.264564486,2019-03-15 08:46:56,440.5179813621321,9095.762899851406,-1.0785173004494901,False
10905,-8.46,116.56,18,5.354493037,2019-03-17 07:07:26,451.56780256966744,9064.820501831926,-1.8822155170422317,False
10906,-8.44,116.49,10,5.023961789,2019-03-17 07:09:20,443.859605428735,9067.022268453764,-5.443034184474986,True
10907,-8.31,116.59,10,4.71272624,2019-03-17 07:11:39,454.8527490748224,9081.407562705619,-4.574144591024813,True
10945,-8.34,116.57,10,4.106252602,2019-03-17 18:08:48,452.65400924621076,9078.088539767097,-2.7020411307545817,True
10956,-8.36,116.55,10,4.272514881,2019-03-18 00:32:06,450.4543494126366,9075.874951857877,-2.4718410214707673,True
10958,-8.34,116.55,10,4.063506963,2019-03-18 00:46:28,450.4518274440859,9078.08608674968,-4.299336494998068,True
10996,-8.29,116.73,10,4.083424722,2019-03-21 01:31:12,470.267518030476,9083.631871935557,-1.5594033017810107,False
11018,-8.27,115.82,21,4.065583498,2019-03-23 22:06:15,370.0430816803868,9085.66052622626,-0.19987128042078653,False
11061,-8.44,117.19,12,4.016194992,2019-03-31 03:10:34,520.9148198153022,9067.053851884002,-0.6961991317187307,False
11078,-8.27,116.76,16,4.204929463,2019-04-02 11:13:12,473.569813146791,9085.845071979276,-1.3197283425145192,False
11124,-8.21,116.66,10,4.259505583,2019-04-11 06:55:20,462.55148735973575,9092.470337972438,-1.0607588712857627,False
11170,-8.45,116.75,10,4.653718304,2019-04-16 20:18:22,472.48117314739466,9065.944579620364,-1.4404051537607,False
11225,-8.23,116.79,10,4.413122567,2019-04-24 12:54:40,476.8712760606556,9090.269082927514,-1.032275124190388,False
11230,-8.24,116.8,10,4.055453938,2019-04-25 04:11:58,477.9732010409465,9089.164112312485,-2.8887966628103374,True
11237,-8.2,116.21,10,4.031630287,2019-04-26 00:03:48,412.9829343253282,9093.506164470524,-0.7386750308580214,False
11261,-8.27,116.47,10,4.216361111,2019-04-28 13:43:23,441.6326987616471,9085.81420343764,-1.4459824474722116,False
11294,-8.28,116.13,12,4.28556952,2019-05-03 06:48:01,404.1897061894256,9084.642742983206,-0.5558900276136535,False
11300,-8.46,116.08,17,4.255496502,2019-05-04 14:20:16,398.7294452866397,9064.72823833394,-0.6415755087229449,False
11302,-8.25,116.17,10,4.207062653,2019-05-04 20:08:55,408.58817397410166,9087.969080978435,-1.4881377094259525,False
11309,-8.29,116.81,10,4.032999549,2019-05-07 11:03:57,479.07718003580914,9083.636970906226,-1.1531322288472692,False
11333,-8.11,116.45,10,4.155944406,2019-05-14 06:19:38,439.4059045903959,9103.500416525196,-0.7560235831567169,False
11334,-8.19,116.46,10,4.283346202,2019-05-14 06:32:11,440.5194648688337,9094.657326956863,-3.2649429651496997,True
11388,-8.28,116.01,10,4.026770505,2019-05-23 06:53:07,390.97330095483034,9084.61184658361,-0.9628104665109041,False
11405,-8.23,116.62,10,4.239740055,2019-05-27 09:20:58,458.14781758340774,9090.255283129309,-0.9999008526193299,False
11439,-8.24,116.1,13,4.068821237,2019-06-05 10:27:42,400.87566371798306,9089.058037722561,-0.43202957121964713,False
11448,-8.5,115.76,21,4.229049294,2019-06-07 22:51:01,363.5144089722297,9060.20736625697,-0.01244451716532517,False
11458,-8.23,116.42,10,4.034067496,2019-06-11 19:51:26,436.1197519465694,9090.22886579842,-1.091283342151823,False
11467,-8.22,116.27,10,4.358296141,2019-06-15 17:40:06,419.59620835099565,9091.307442294139,-0.7231549491362675,False
11476,-8.36,116.57,10,4.283865195,2019-06-17 14:57:50,452.65641911665034,9075.877410590912,-1.450801372497624,False
11477,-8.35,116.75,11,4.671638475,2019-06-18 08:42:24,472.4741262604318,9077.000054653448,-1.7338400646050036,False
11481,-8.26,116.25,14,4.544719172,2019-06-18 17:14:34,417.40154216019147,9086.880894433916,-1.3576764111849606,False
11486,-8.46,116.59,10,4.524762149,2019-06-20 20:36:22,454.87005412405,9064.824105568976,-2.123688900322868,False
11635,-8.15,116.2,22,4.000848304,2019-07-26 12:30:35,411.8704072217897,9099.032129485578,-0.4460830323443075,False
11736,-7.96,117.14,28,4.845874765,2019-08-22 08:58:45,515.4294011474788,9120.121595967714,0.03002222565031952,False
11844,-8.33,116.73,10,4.513120814,2019-09-20 21:22:19,470.27052989341763,9079.20969519419,-1.6636510520918284,False
11932,-8.48,116.07,12,4.146138076,2019-10-08 22:04:33,397.63387310915954,9062.514260288353,-0.27855617038648667,False
11988,-8.33,117.14,10,4.022710459,2019-10-22 00:00:10,515.4152405634367,9079.217115004496,-0.15175537364593158,False
12032,-8.29,116.72,10,4.260978316,2019-11-04 16:49:41,469.16630668707097,9083.631109857099,-1.2673613833394852,False
12126,-8.42,116.01,10,4.48584278,2019-11-15 11:40:32,391.0121468245748,9069.132134419393,-0.20500035402864733,False
12210,-8.36,116.56,10,4.109641663,2019-11-26 06:15:26,451.5553849760929,9075.876195195824,-1.3521484833651225,False
12235,-8.28,116.31,10,4.102581823,2019-12-01 19:19:03,424.0135710045923,9084.68161019348,-0.7413267553410455,False
12274,-8.49,116.9,10,4.128872306,2019-12-08 12:58:07,488.99363433946263,9061.52981862982,-0.5179621448606733,False
12282,-8.46,116.91,10,4.323639568,2019-12-08 20:52:07,490.0935040233994,9064.846716727672,-2.309866316648335,True
12305,-8.49,116.9,10,4.017072315,2019-12-14 10:25:10,488.99363433946263,9061.52981862982,-2.4115163871558214,True
12307,-8.43,116.91,10,4.234655693,2019-12-14 10:52:36,490.0927389205546,9068.163340324472,-2.9728182107478482,True
12356,-8.32,116.27,10,4.190249127,2019-12-23 23:14:15,419.61647129643353,9080.25127492137,-1.3631307176264726,False
12591,-8.35,116.6,10,4.21198997,2020-02-26 05:53:54,455.9583917946614,9076.986449942884,-1.027166457922721,False
12616,-8.47,116.22,13,4.261166715,2020-03-02 16:14:20,414.14339700473516,9063.656238128495,-0.5492428727450842,False
12621,-8.29,116.84,10,4.201980746,2020-03-04 16:35:05,482.38079225071266,9083.638425766956,-0.7014400899212904,False
12647,-8.39,115.99,10,4.377663984,2020-03-08 12:11:32,388.8016064901252,9072.4436158839,-0.06202319468711791,False
12734,-8.25,116.01,11,4.528822164,2020-03-19 18:57:46,390.9650610169602,9087.928914038435,-0.011423853704989785,False
12758,-8.46,116.26,10,4.508638746,2020-03-23 22:29:15,418.54443971343085,9064.770471106922,-0.5036046758690995,False
12821,-8.25,116.63,10,4.491108902,2020-04-04 08:51:13,459.2512522327566,9088.045213563873,-0.7782395087525434,False
12866,-8.4,116.92,13,4.848473951,2020-04-15 23:37:46,491.19286874789583,9071.480197448118,-0.7560162340664227,False
12873,-8.27,116.05,10,4.388427292,2020-04-17 06:39:43,395.3761791022321,9085.728265612759,-0.5640942795432927,False
12880,-8.09,116.46,10,4.097409577,2020-04-20 11:08:52,440.50471084611837,9105.713031635303,-0.3620303661836904,False
12891,-8.34,116.1,14,4.255121467,2020-04-26 19:19:11,400.90070718801417,9078.001409208777,-0.4925853572277085,False
12912,-8.33,116.96,11,4.298737394,2020-05-01 20:07:54,495.59564943527954,9079.219620734202,-0.7658636233921754,False
12931,-8.32,116.0,10,4.343042564,2020-05-10 01:01:01,389.88305808896763,9080.186314801984,-0.19100057884025493,False
12939,-8.27,116.17,10,4.062327751,2020-05-10 22:08:23,408.5927763575737,9085.75779788036,-0.9199585192685776,False
12940,-8.3,115.99,10,4.533446232,2020-05-10 22:09:59,388.77614454867165,9082.39491542981,-3.4988162921158694,True
12952,-8.29,115.99,10,4.708684649,2020-05-12 00:20:53,388.77333228257186,9083.500612688758,-3.0209411876923067,True
12953,-8.31,115.98,10,4.199288293,2020-05-12 01:14:16,387.6776500843456,9081.286397602264,-4.1191637746045,True
12954,-8.31,115.96,10,4.160366039,2020-05-12 02:13:23,385.4750199512337,9081.280674143165,-3.614089973225544,True
12978,-8.09,116.34,28,4.087142964,2020-05-18 17:23:48,427.2830214568714,9105.69354602842,-0.2684240814259018,False
13001,-8.47,116.04,11,4.311019639,2020-05-28 07:23:15,394.3287164587332,9063.611918486378,-0.07082810686423029,False
13010,-8.38,116.19,16,4.12342177,2020-06-03 04:32:37,410.82039948608457,9073.60029547113,-0.31699238246128714,False
13023,-8.36,116.59,10,4.440780312,2020-06-10 08:35:39,454.8584832584342,9075.87975755325,-0.9834457411057915,False
13050,-8.23,116.74,10,4.161944247,2020-06-14 21:52:54,471.3644040418571,9090.265849705804,-0.6949065237230203,False
13061,-8.23,116.78,10,4.36007703,2020-06-16 18:05:48,475.76990314692483,9090.268491318155,-1.4403959079225817,False
13079,-8.38,117.16,10,4.153130431,2020-06-25 15:22:48,517.6151799789419,9073.688584753376,0.10464992072691581,False
13101,-8.41,116.01,12,4.018208076,2020-07-06 05:43:20,391.0093506654519,9070.237831665294,-0.6391179173400532,False
13124,-8.42,117.04,16,4.138479675,2020-07-19 11:41:40,504.4033388281991,9069.26979474034,-0.08295035995187597,False
13240,-8.37,116.01,10,4.336290735,2020-08-11 03:29:26,390.99819903293405,9074.660615214823,-0.8670530813975876,False
13457,-8.33,116.28,11,4.511246692,2020-09-12 15:11:05,420.71968355879716,9079.14767395691,-0.5002179642526093,False
13463,-8.46,116.84,10,4.313553683,2020-09-14 15:31:29,482.38843652623626,9064.844243676278,-0.5506504043023417,False
13601,-8.23,116.01,11,4.057048028,2020-10-20 19:02:01,390.95958423286345,9090.140289670753,-0.239694995034141,False
13832,-8.29,116.53,10,4.050098981,2020-12-11 12:51:06,448.24308206870944,9083.611364731072,-0.982908177654673,False
13940,-7.97,117.25,17,4.120574579,2021-01-07 13:54:28,527.5518917230377,9119.010358408841,0.48952478393736837,False
13954,-8.3,116.22,10,4.713049737,2021-01-10 22:40:16,414.10608152030943,9082.4520379194,-0.24386274293412616,False
14248,-8.3,117.0,10,4.413148671,2021-03-18 19:38:25,500.0,9082.536441327311,-0.7001690021947109,False
14345,-8.83,116.37,10,4.429953341,2021-03-31 18:57:21,430.7208233409198,9023.883994458249,0.19138847586505217,False
14477,-8.26,116.04,19,4.328244224,2021-04-25 16:39:37,394.2721133986749,9086.831304418247,-0.73684752386843,False
14544,-8.33,116.96,10,4.204420144,2021-05-05 18:20:57,495.59564943527954,9079.219620734202,-0.7964361513539855,False
14676,-8.38,116.08,13,4.426483945,2021-06-04 13:00:08,398.708646109428,9073.573644913266,0.09622825898816012,False
14733,-8.41,117.22,10,4.094241896,2021-06-19 00:47:50,524.2190402260758,9070.36875749971,0.37647696909302003,False
15000,-8.86,116.9,10,4.137866741,2021-08-27 09:30:47,489.00440259393014,9020.624296205204,0.421176362520643,False
15076,-8.27,117.17,12,4.566550741,2021-09-15 19:00:44,518.7213560280372,9085.849039284167,0.35571516545924364,False
15089,-8.29,117.21,13,4.474297715,2021-09-16 08:55:57,523.1252311283595,9083.63586243834,-2.2956444123341315,True
15092,-8.2,117.23,10,4.177287283,2021-09-16 10:57:10,525.3333728605229,9093.584479317316,-2.527141144360114,True
15093,-8.28,117.23,10,4.692902754,2021-09-16 11:39:00,525.3282845064514,9084.740182675883,-3.388225197995735,True
15099,-8.29,117.23,10,4.274424884,2021-09-16 16:09:03,525.3276450113464,9083.634643121099,-3.9559906636953275,True
15283,-8.16,116.89,10,4.719669129,2021-10-20 09:21:12,487.8828553400691,9098.012181451038,0.005274885413842076,False
15756,-8.3,116.93,10,4.68871486,2021-12-15 16:12:42,492.29179928619044,9082.535761601075,-0.09140599696651451,False
15924,-8.21,116.46,11,4.431048922,2021-12-19 15:49:55,440.52243728468073,9092.446179542247,-0.4518437470973904,False
15962,-8.28,117.08,10,4.154059189,2021-12-22 00:46:36,508.8098180192872,9084.746618073346,-0.5406565499118235,False
15972,-8.28,116.43,10,4.031886209,2021-12-23 07:44:19,437.22906713333174,9084.702537558915,-0.9758951984688522,False
16323,-8.77,116.15,10,4.539996968,2022-01-24 21:14:14,406.51155490982325,9030.47008733177,0.3694060450358994,False
16827,-8.27,116.69,10,4.400358757,2022-03-07 06:37:40,465.86094424823136,9085.839749940118,-0.662564842923278,False
17399,-8.4,117.24,10,4.530260682,2022-06-12 10:20:14,526.4214599484494,9071.473011816955,0.518019598396622,False
17468,-8.04,116.84,10,4.211899476,2022-07-02 19:05:28,482.3698307311738,9111.276639671954,0.2577977931547192,False
17503,-8.08,116.47,10,4.027624587,2022-07-12 19:40:15,441.6050677778117,9106.820045267563,-0.19243849729005516,False
17614,-8.36,117.16,12,4.682184375,2022-08-09 06:36:09,517.6160787724679,9075.899664426077,0.22345482839564518,False
17619,-8.34,117.14,10,4.884043191,2022-08-09 13:04:42,515.414848975204,9078.111578090626,-3.067748596616905,True
17911,-8.56,116.08,10,4.000387727,2022-10-13 03:51:48,398.7557202377096,9053.671430619534,0.3380003439316932,False
17927,-8.7,116.63,10,4.494941074,2022-10-16 01:13:25,459.2986014439021,9038.294841189378,0.20459924339606522,False
18015,-8.33,116.25,10,4.174306336,2022-10-30 05:26:05,417.41615869871254,9079.141534104512,-0.10303392724902467,False
18140,-8.38,116.04,10,4.110313078,2022-11-20 13:21:57,394.30428517348105,9073.563113181473,0.34324047787524353,False
18176,-8.35,116.8,10,4.262911371,2022-11-28 13:48:48,477.9793252645289,9077.003194154875,-0.5782788847166581,False
18379,-8.23,116.49,10,4.051494703,2022-12-18 02:59:14,443.8296471405448,9090.239364087824,-0.4359121064394964,False
19176,-8.2,115.87,17,4.702823481,2023-02-18 00:03:50,375.5285672188379,9093.416648058776,0.6208307475567445,False
19737,-8.18,116.43,10,4.046223499,2023-03-26 17:30:03,437.21332223058937,9095.758345094446,-0.9296754920311517,False
19799,-8.28,116.76,10,4.778308558,2023-03-29 18:10:21,473.570479646664,9084.739532212183,-0.5000196228099979,False
20021,-8.28,116.77,10,4.253705666,2023-04-08 17:12:56,474.6717154935487,9084.740182675883,-2.3293265307346567,True
20093,-8.29,116.76,13,4.362120067,2023-04-12 02:51:38,473.5711469466896,9083.633991893745,-2.1944386073678905,False
20991,-7.97,116.47,10,4.097186472,2023-06-11 00:08:30,441.58936258293016,9118.981233604518,0.3372267905542573,False
21060,-8.39,116.93,10,4.5275504,2023-06-14 02:34:37,492.2935635266543,9072.585945836398,-0.25548005766060766,False
21543,-7.98,116.68,24,4.687469649,2023-07-18 04:07:24,464.7343660965547,9117.899506820055,0.4080959668400341,False
21737,-8.33,116.45,11,4.426448635,2023-08-03 07:41:48,439.4392874288429,9079.177731802214,-1.097692974016682,False
21749,-8.43,117.14,18,4.089814509,2023-08-03 23:45:24,515.4113036816698,9068.161720773773,-0.17681239609193047,False
21760,-8.24,116.51,10,4.55363741,2023-08-04 18:31:50,446.0338132817644,9089.136548663131,-1.1303107075915428,False
21792,-8.23,116.76,10,4.455880521,2023-08-06 17:49:08,473.5671551492063,9090.267225547157,-0.5556854038839542,False
21793,-8.32,116.75,10,4.243474879,2023-08-06 17:53:39,472.47202844381246,9080.316686295948,-3.9484460457991273,True
21795,-8.27,116.77,10,4.616059311,2023-08-06 18:14:23,474.67107676525563,9085.845721679243,-3.7480279344947163,True
21815,-8.33,116.75,10,4.232097067,2023-08-06 21:56:42,472.47272688263223,9079.21114296983,-3.5216218599891573,True
21924,-8.47,116.27,25,4.344148611,2023-08-12 23:31:23,419.6473220408803,9063.666921303024,-0.030671584099662374,False
22039,-8.27,116.4,10,4.244577289,2023-08-20 02:52:32,433.92355382198787,9085.803268398988,-0.4403908307023073,False
